[27Aug2026 23:34:03.779] [main/INFO] [net.neoforged.fml.startup.Entrypoint/]: JVM Uptime at startup: 550ms
[27Aug2026 23:34:03.794] [main/INFO] [net.neoforged.fml.loading.FMLLoader/]: Starting FancyModLoader version 11.0.15 (CLIENT in DEV)
[27Aug2026 23:34:03.795] [main/INFO] [net.neoforged.fml.loading.FMLLoader/]: Game directory: C:\Users\casey\MCreatorWorkspaces\aeroflux\run
[27Aug2026 23:34:03.861] [main/INFO] [net.neoforged.fml.loading.EarlyServiceDiscovery/]: Found 2 early service jars (out of 112) in 28ms
[27Aug2026 23:34:03.861] [main/INFO] [net.neoforged.fml.loading.FMLLoader/]: Loading FML Early Services:
[27Aug2026 23:34:03.862] [main/INFO] [net.neoforged.fml.loading.FMLLoader/]:  - C:/Users/casey/.mcreator/gradle/caches/modules-2/files-2.1/net.neoforged.fancymodloader/loader/11.0.15/69ddd98736a6b095783523404d1af8992842722/loader-11.0.15.jar
[27Aug2026 23:34:03.862] [main/INFO] [net.neoforged.fml.loading.FMLLoader/]:  - C:/Users/casey/.mcreator/gradle/caches/modules-2/files-2.1/net.neoforged.fancymodloader/earlydisplay/11.0.15/b254aa4ec40828f8ce65411dcb7fb9f6ce008064/earlydisplay-11.0.15.jar
[27Aug2026 23:34:03.868] [main/INFO] [net.neoforged.fml.loading.ImmediateWindowHandler/]: Loading ImmediateWindowProvider fmlearlywindow
[27Aug2026 23:34:04.630] [ForkJoinPool.commonPool-worker-2/INFO] [net.neoforged.fml.loading.moddiscovery.locators.GameLocator/]: Detected a joined NeoForge and Minecraft configuration. Applying filtering...
[27Aug2026 23:34:04.753] [fml-loadingscreen/INFO] [net.neoforged.fml.earlydisplay.render.LoadingScreenRenderer/]: GL info: NVIDIA GeForce GTX 1080 Ti/PCIe/SSE2 GL version 3.3.0 NVIDIA 582.66, NVIDIA Corporation
[27Aug2026 23:34:04.772] [ForkJoinPool.commonPool-worker-2/INFO] [net.neoforged.fml.loading.moddiscovery.locators.InDevFolderLocator/CORE]: Got mod coordinates mcreator%%C:\Users\casey\MCreatorWorkspaces\aeroflux\build\classes\java\main;mcreator%%C:\Users\casey\MCreatorWorkspaces\aeroflux\build\resources\main from env
[27Aug2026 23:34:05.063] [ForkJoinPool.commonPool-worker-2/INFO] [net.neoforged.fml.loading.moddiscovery.locators.JarInJarDependencyLocator/]: Found 2 dependencies adding them to mods collection
[27Aug2026 23:34:05.066] [ForkJoinPool.commonPool-worker-2/INFO] [net.neoforged.fml.loading.moddiscovery.ModDiscoverer/]: 
     Mod List:
		Name Version (Mod Id)

		Aero Flux 1.0.0 (aeroflux)
		Jade 26.1.9+neoforge (jade)
		Just Enough Items 29.29.0.77 (jei)
		Minecraft 26.1.2 (minecraft)
		Mouse Tweaks 2.31 (mousetweaks)
		NeoForge 26.1.2.81 (neoforge)
		Pipez 1.2.31+26.1.2 (pipez)
		Simple Inventory Sorter 24.0.31 (inventorysorter)
[27Aug2026 23:34:05.449] [main/INFO] [mixin/]: SpongePowered MIXIN Subsystem Version=0.8.7 Source=file:/C:/Users/casey/.mcreator/gradle/caches/modules-2/files-2.1/net.fabricmc/sponge-mixin/0.17.3+mixin.0.8.7/41c4a3984a80f4679e759fb9f495587acc5cdac7/sponge-mixin-0.17.3+mixin.0.8.7.jar Service=FML Env=CLIENT
[27Aug2026 23:34:05.485] [main/INFO] [net.neoforged.fml.loading.FMLLoader/]: Loading FML Plugins:
[27Aug2026 23:34:05.485] [main/INFO] [net.neoforged.fml.loading.FMLLoader/]:  - C:/Users/casey/.mcreator/gradle/caches/modules-2/files-2.1/net.neoforged/neoforge/26.1.2.81/17cf8f8a1946194c7fa4beae83ec19d98d2e9022/neoforge-26.1.2.81-universal.jar > net.neoforged.neoforge-coremods-26.1.2.81.jar
[27Aug2026 23:34:05.626] [main/INFO] [net.neoforged.fml.loading.FMLLoader/]: Building game content classloader:
 - aeroflux (composite(folder(C:/Users/casey/MCreatorWorkspaces/aeroflux/build/classes/java/main), folder(C:/Users/casey/MCreatorWorkspaces/aeroflux/build/resources/main)))
 - inventorysorter (jar(C:/Users/casey/.mcreator/gradle/caches/modules-2/files-2.1/curse.maven/inventory-sorter-240633/7940779/8370e88f67de8b8d7956bed06e1f82f72abb62fb/inventory-sorter-240633-7940779.jar))
 - jade (jar(C:/Users/casey/.mcreator/gradle/caches/modules-2/files-2.1/curse.maven/jade-324717/8647353/fe5656d9419821e92b69b6d503a032bcc2e07f77/jade-324717-8647353.jar))
 - jei (jar(C:/Users/casey/.mcreator/gradle/caches/modules-2/files-2.1/mezz.jei/jei-26.1.2-neoforge/29.29.0.77/acfaf5f345ae429d2df4a230ab73fb088b919f9f/jei-26.1.2-neoforge-29.29.0.77.jar))
 - minecraft (composite(filtered(jar(C:/Users/casey/MCreatorWorkspaces/aeroflux/build/moddev/artifacts/minecraft-patched-26.1.2.81.jar)), filtered(jar(C:/Users/casey/MCreatorWorkspaces/aeroflux/build/moddev/artifacts/minecraft-patched-26.1.2.81.jar))))
 - mixinextras.neoforge (jar(C:/Users/casey/.mcreator/gradle/caches/modules-2/files-2.1/net.neoforged/neoforge/26.1.2.81/17cf8f8a1946194c7fa4beae83ec19d98d2e9022/neoforge-26.1.2.81-universal.jar > mixinextras-neoforge-0.5.4.jar))
 - mousetweaks (jar(C:/Users/casey/.mcreator/gradle/caches/modules-2/files-2.1/curse.maven/mouse-tweaks-60089/7840778/e171c7b91ab9ab3b0f7b63aa5b0337f578588b5c/mouse-tweaks-60089-7840778.jar))
 - neoforge (composite(filtered(jar(C:/Users/casey/.mcreator/gradle/caches/modules-2/files-2.1/net.neoforged/neoforge/26.1.2.81/17cf8f8a1946194c7fa4beae83ec19d98d2e9022/neoforge-26.1.2.81-universal.jar))))
 - net.neoforged.fml.generated (empty(VirtualJar/net.neoforged.fml.generated))
 - pipez (jar(C:/Users/casey/.mcreator/gradle/caches/modules-2/files-2.1/curse.maven/pipez-443900/8351634/3c84fb0a8d7e746f1dc2a6fa738e39f3ec58a575/pipez-443900-8351634.jar))
[27Aug2026 23:34:05.646] [main/INFO] [net.neoforged.fml.loading.FMLLoader/]: Built game content classloader in 37ms
[27Aug2026 23:34:05.713] [main/INFO] [mixin/]: Compatibility level set to JAVA_25
[27Aug2026 23:34:07.309] [Datafixer Bootstrap/INFO] [com.mojang.datafixers.DataFixerBuilder/]: 294 Datafixer optimizations took 363 milliseconds
[27Aug2026 23:34:07.346] [pool-13-thread-1/INFO] [MixinExtras|Service/]: Initializing MixinExtras via com.llamalad7.mixinextras.service.MixinExtrasServiceImpl(version=0.5.4).
[27Aug2026 23:34:12.085] [main/WARN] [net.minecraft.commands.Commands/]: Ambiguity between arguments [teleport, location] and [teleport, destination] with inputs: [0.1 -0.5 .9, 0 0 0]
[27Aug2026 23:34:12.086] [main/WARN] [net.minecraft.commands.Commands/]: Ambiguity between arguments [teleport, location] and [teleport, targets] with inputs: [0.1 -0.5 .9, 0 0 0]
[27Aug2026 23:34:12.089] [main/WARN] [net.minecraft.commands.Commands/]: Ambiguity between arguments [teleport, destination] and [teleport, targets] with inputs: [Player, 0123, @e, dd12be42-52a9-4a91-a8a1-11c01849e498]
[27Aug2026 23:34:12.092] [main/WARN] [net.minecraft.commands.Commands/]: Ambiguity between arguments [teleport, targets] and [teleport, destination] with inputs: [Player, 0123, dd12be42-52a9-4a91-a8a1-11c01849e498]
[27Aug2026 23:34:12.095] [main/WARN] [net.minecraft.commands.Commands/]: Ambiguity between arguments [teleport, targets, location] and [teleport, targets, destination] with inputs: [0.1 -0.5 .9, 0 0 0]
[27Aug2026 23:34:12.098] [main/WARN] [net.minecraft.commands.Commands/]: Ambiguity between arguments [time, set, time] and [time, set, timemarker] with inputs: [0, 0s, 0d, 0t]
[27Aug2026 23:34:12.100] [main/WARN] [net.minecraft.commands.Commands/]: Ambiguity between arguments [time, set, timemarker] and [time, set, time] with inputs: [012]
[27Aug2026 23:34:12.102] [main/WARN] [net.minecraft.commands.Commands/]: Ambiguity between arguments [time, of, clock, set, time] and [time, of, clock, set, timemarker] with inputs: [0, 0s, 0d, 0t]
[27Aug2026 23:34:12.104] [main/WARN] [net.minecraft.commands.Commands/]: Ambiguity between arguments [time, of, clock, set, timemarker] and [time, of, clock, set, time] with inputs: [012]
[27Aug2026 23:34:12.106] [main/WARN] [net.minecraft.commands.Commands/]: Ambiguity between arguments [waypoint, modify, waypoint, color, reset] and [waypoint, modify, waypoint, color, color] with inputs: [reset]
[27Aug2026 23:34:12.176] [modloading-worker-0/INFO] [net.neoforged.neoforge.common.NeoForgeMod/NEOFORGE-MOD]: NeoForge mod loading, version 26.1.2.81, for MC 26.1.2
[27Aug2026 23:34:12.278] [modloading-worker-0/INFO] [mezz.jei.library.load.PluginCaller/]: Sending ConfigManager...
[27Aug2026 23:34:12.281] [modloading-worker-0/INFO] [mezz.jei.library.load.PluginCaller/]: Sending ConfigManager took 1.938 milliseconds
[27Aug2026 23:34:13.536] [Render thread/INFO] [com.mojang.authlib.yggdrasil.YggdrasilAuthenticationService/]: Environment: Environment[sessionHost=https://sessionserver.mojang.com, servicesHost=https://api.minecraftservices.com, profilesHost=https://api.mojang.com, name=PROD]
[27Aug2026 23:34:13.564] [Render thread/INFO] [net.minecraft.client.Minecraft/]: Setting user: Dev
[27Aug2026 23:34:13.676] [Render thread/INFO] [net.minecraft.client.Minecraft/]: Backend library: LWJGL version 3.4.1+2
[27Aug2026 23:34:13.920] [Render thread/INFO] [net.minecraft.client.Minecraft/]: Using optional rendering extensions: GL_ARB_buffer_storage, GL_KHR_debug, GL_ARB_vertex_attrib_binding, GL_ARB_direct_state_access, GL_EXT_texture_filter_anisotropic
[27Aug2026 23:34:14.780] [modloading-sync-worker/INFO] [snownee.jade.Jade/]: Start loading plugin from Jade: snownee.jade.addon.access.AccessibilityPlugin
[27Aug2026 23:34:14.788] [modloading-sync-worker/INFO] [snownee.jade.Jade/]: snownee.jade.addon.access.AccessibilityPlugin loaded: 8.163 ms
[27Aug2026 23:34:14.791] [modloading-sync-worker/INFO] [snownee.jade.Jade/]: Start loading plugin from Jade: snownee.jade.addon.core.CorePlugin
[27Aug2026 23:34:14.797] [NeoForge Version Check/INFO] [net.neoforged.fml.VersionChecker/]: [pipez] Starting version check at https://update.maxhenkel.de/neoforge/pipez
[27Aug2026 23:34:14.800] [modloading-sync-worker/INFO] [snownee.jade.Jade/]: snownee.jade.addon.core.CorePlugin loaded: 8.285 ms
[27Aug2026 23:34:14.800] [modloading-sync-worker/INFO] [snownee.jade.Jade/]: Start loading plugin from Jade: snownee.jade.addon.debug.DebugPlugin
[27Aug2026 23:34:14.804] [modloading-sync-worker/INFO] [snownee.jade.Jade/]: snownee.jade.addon.debug.DebugPlugin loaded: 3.025 ms
[27Aug2026 23:34:14.805] [modloading-sync-worker/INFO] [snownee.jade.Jade/]: Start loading plugin from Jade: snownee.jade.addon.universal.UniversalPlugin
[27Aug2026 23:34:14.820] [modloading-sync-worker/INFO] [snownee.jade.Jade/]: snownee.jade.addon.universal.UniversalPlugin loaded: 14.37 ms
[27Aug2026 23:34:14.821] [modloading-sync-worker/INFO] [snownee.jade.Jade/]: Start loading plugin from Jade: snownee.jade.addon.vanilla.VanillaPlugin
[27Aug2026 23:34:14.852] [modloading-sync-worker/INFO] [snownee.jade.Jade/]: snownee.jade.addon.vanilla.VanillaPlugin loaded: 29.94 ms
[27Aug2026 23:34:14.854] [modloading-sync-worker/INFO] [snownee.jade.Jade/]: Start loading plugin from Aero Flux: net.drakma.aeroflux.jade.AerofluxJadePlugin
[27Aug2026 23:34:14.856] [modloading-sync-worker/INFO] [snownee.jade.Jade/]: net.drakma.aeroflux.jade.AerofluxJadePlugin loaded: 2.267 ms
[27Aug2026 23:34:14.980] [Render thread/INFO] [net.minecraft.server.packs.resources.ReloadableResourceManager/]: Reloading ResourceManager: vanilla, mod_resources, mod/inventorysorter, mod/mousetweaks, mod/pipez, mod/jade, mod/neoforge, mod/aeroflux, mod/jei
[27Aug2026 23:34:15.589] [resourceLoad/INFO] [net.minecraft.client.gui.font.providers.UnihexProvider/]: Found unifont_all_no_pua-17.0.01.hex, loading
[27Aug2026 23:34:15.597] [resourceLoad/INFO] [net.minecraft.client.gui.font.providers.UnihexProvider/]: Found unifont_pua-17.0.01.hex, loading
[27Aug2026 23:34:15.779] [resourceLoad/INFO] [net.minecraft.client.gui.font.providers.UnihexProvider/]: Found unifont_jp_patch-17.0.01.hex, loading
[27Aug2026 23:34:16.094] [NeoForge Version Check/INFO] [net.neoforged.fml.VersionChecker/]: [pipez] Found status: BETA Current: 1.2.31+26.1.2 Target: 1.2.31+26.1.2
[27Aug2026 23:34:16.887] [Render thread/WARN] [com.mojang.blaze3d.opengl.GlProgram/]: neoforge:pipeline/item_translucent_unlit shader program does not use sampler Sampler2 defined in the pipeline. This might be a bug.
[27Aug2026 23:34:16.888] [Render thread/WARN] [com.mojang.blaze3d.opengl.GlProgram/]: neoforge:pipeline/item_cutout_unlit shader program does not use sampler Sampler2 defined in the pipeline. This might be a bug.
[27Aug2026 23:34:16.942] [Render thread/INFO] [com.mojang.blaze3d.audio.Library/]: OpenAL initialized on device OpenAL Soft on SPDIF Interface (2- Digtal HiFi Audio)
[27Aug2026 23:34:16.945] [Render thread/INFO] [net.minecraft.client.sounds.SoundEngine/SOUNDS]: Sound engine started
[27Aug2026 23:34:16.945] [Render thread/INFO] [net.minecraft.client.renderer.texture.TextureAtlas/]: Created: 512x256x0 minecraft:textures/atlas/particles.png-atlas
[27Aug2026 23:34:16.965] [Render thread/INFO] [net.minecraft.client.renderer.texture.TextureAtlas/]: Created: 128x128x0 minecraft:textures/atlas/decorated_pot.png-atlas
[27Aug2026 23:34:16.967] [Render thread/INFO] [net.minecraft.client.renderer.texture.TextureAtlas/]: Created: 2048x1024x0 minecraft:textures/atlas/armor_trims.png-atlas
[27Aug2026 23:34:16.996] [Render thread/INFO] [net.minecraft.client.renderer.texture.TextureAtlas/]: Created: 512x256x0 minecraft:textures/atlas/paintings.png-atlas
[27Aug2026 23:34:17.007] [Render thread/INFO] [net.minecraft.client.renderer.texture.TextureAtlas/]: Created: 1024x512x0 minecraft:textures/atlas/shield_patterns.png-atlas
[27Aug2026 23:34:17.010] [Render thread/INFO] [net.minecraft.client.renderer.texture.TextureAtlas/]: Created: 1024x1024x2 minecraft:textures/atlas/blocks.png-atlas
[27Aug2026 23:34:17.070] [Render thread/INFO] [net.minecraft.client.renderer.texture.TextureAtlas/]: Created: 512x512x0 minecraft:textures/atlas/chest.png-atlas
[27Aug2026 23:34:17.074] [Render thread/INFO] [net.minecraft.client.renderer.texture.TextureAtlas/]: Created: 256x128x0 minecraft:textures/atlas/celestials.png-atlas
[27Aug2026 23:34:17.074] [Render thread/INFO] [net.minecraft.client.renderer.texture.TextureAtlas/]: Created: 1024x512x0 minecraft:textures/atlas/banner_patterns.png-atlas
[27Aug2026 23:34:17.076] [Render thread/INFO] [net.minecraft.client.renderer.texture.TextureAtlas/]: Created: 512x512x0 minecraft:textures/atlas/beds.png-atlas
[27Aug2026 23:34:17.079] [Render thread/INFO] [net.minecraft.client.renderer.texture.TextureAtlas/]: Created: 1024x512x0 minecraft:textures/atlas/items.png-atlas
[27Aug2026 23:34:17.101] [Render thread/INFO] [net.minecraft.client.renderer.texture.TextureAtlas/]: Created: 1024x1024x0 minecraft:textures/atlas/gui.png-atlas
[27Aug2026 23:34:17.115] [Render thread/INFO] [net.minecraft.client.renderer.texture.TextureAtlas/]: Created: 128x64x0 minecraft:textures/atlas/map_decorations.png-atlas
[27Aug2026 23:34:17.124] [Render thread/INFO] [net.minecraft.client.renderer.texture.TextureAtlas/]: Created: 512x256x0 minecraft:textures/atlas/signs.png-atlas
[27Aug2026 23:34:17.126] [Render thread/INFO] [net.minecraft.client.renderer.texture.TextureAtlas/]: Created: 512x512x0 minecraft:textures/atlas/shulker_boxes.png-atlas
[27Aug2026 23:34:17.237] [Render thread/INFO] [net.neoforged.neoforge.client.entity.animation.json.AnimationLoader/]: Loaded 0 entity animations
[27Aug2026 23:34:17.332] [Render thread/INFO] [net.minecraft.client.renderer.texture.TextureAtlas/]: Created: 512x256x0 jei:textures/atlas/gui.png-atlas
[27Aug2026 23:34:26.065] [Render thread/INFO] [net.minecraft.world.item.crafting.RecipeManager/]: Loaded 1531 recipes
[27Aug2026 23:34:26.076] [Render thread/INFO] [net.minecraft.advancements.AdvancementTree/]: Loaded 1617 advancements
[27Aug2026 23:34:26.079] [Render thread/INFO] [net.neoforged.neoforge.common.crafting.RecipePriorityManager/]: Loaded 0 recipe priority overrides
[27Aug2026 23:34:26.573] [Server thread/INFO] [net.minecraft.client.server.IntegratedServer/]: Starting integrated minecraft server version 26.1.2
[27Aug2026 23:34:26.574] [Server thread/INFO] [net.minecraft.server.MinecraftServer/]: Generating keypair
[27Aug2026 23:34:26.964] [Server thread/INFO] [net.minecraft.server.level.progress.LoggingLevelLoadListener/]: Loading 0 persistent chunks...
[27Aug2026 23:34:26.965] [Server thread/INFO] [net.minecraft.server.level.progress.LoggingLevelLoadListener/]: Preparing spawn area: 16%
[27Aug2026 23:34:26.977] [Server thread/INFO] [net.minecraft.server.MinecraftServer/]: Saving chunks for level 'ServerLevel[New World]'/minecraft:overworld
[27Aug2026 23:34:27.093] [Server thread/INFO] [net.minecraft.server.MinecraftServer/]: Saving chunks for level 'ServerLevel[New World]'/minecraft:the_nether
[27Aug2026 23:34:27.130] [Server thread/INFO] [net.minecraft.server.MinecraftServer/]: Saving chunks for level 'ServerLevel[New World]'/minecraft:the_end
[27Aug2026 23:34:27.146] [Server thread/INFO] [net.minecraft.server.MinecraftServer/]: ThreadedAnvilChunkStorage (world): All chunks are saved
[27Aug2026 23:34:27.146] [Server thread/INFO] [net.minecraft.server.MinecraftServer/]: ThreadedAnvilChunkStorage (DIM-1): All chunks are saved
[27Aug2026 23:34:27.146] [Server thread/INFO] [net.minecraft.server.MinecraftServer/]: ThreadedAnvilChunkStorage (DIM1): All chunks are saved
[27Aug2026 23:34:27.146] [Server thread/INFO] [net.minecraft.server.MinecraftServer/]: ThreadedAnvilChunkStorage: All dimensions are saved
[27Aug2026 23:34:27.150] [Server thread/INFO] [net.neoforged.neoforge.server.permission.PermissionAPI/]: Successfully initialized permission handler neoforge:default_handler
[27Aug2026 23:34:27.783] [Server thread/INFO] [net.minecraft.server.level.progress.LoggingLevelLoadListener/]: Loading 49 chunks for player spawn...
[27Aug2026 23:34:27.783] [Server thread/INFO] [net.minecraft.server.level.progress.LoggingLevelLoadListener/]: Preparing spawn area: 16%
[27Aug2026 23:34:28.001] [Server thread/INFO] [net.minecraft.server.level.progress.LoggingLevelLoadListener/]: Preparing spawn area: 16%
[27Aug2026 23:34:28.101] [Server thread/INFO] [net.minecraft.server.level.progress.LoggingLevelLoadListener/]: Time elapsed: 1137 ms
[27Aug2026 23:34:28.621] [Server thread/INFO] [net.minecraft.server.players.PlayerList/]: Dev[local:E:70fb11b4] logged in with entity id 8 at (-43.860298464005176, 68.0, 16.648031070020917)
[27Aug2026 23:34:28.700] [Server thread/INFO] [net.minecraft.server.MinecraftServer/]: Dev joined the game
[27Aug2026 23:34:28.821] [Render thread/INFO] [mezz.jei.common.util.LoggedTimer/]: Starting JEI...
[27Aug2026 23:34:28.823] [Render thread/INFO] [mezz.jei.library.load.PluginCaller/]: Configuring JEI...
[27Aug2026 23:34:28.824] [Render thread/INFO] [mezz.jei.library.load.PluginCaller/]: Configuring JEI took 799.2 microseconds
[27Aug2026 23:34:28.832] [Render thread/INFO] [mezz.jei.library.load.PluginCaller/]: Registering item subtypes...
[27Aug2026 23:34:28.836] [Render thread/INFO] [mezz.jei.library.load.PluginCaller/]: Registering item subtypes took 3.336 milliseconds
[27Aug2026 23:34:28.836] [Render thread/INFO] [mezz.jei.library.load.PluginCaller/]: Registering fluid subtypes...
[27Aug2026 23:34:28.837] [Render thread/INFO] [mezz.jei.library.load.PluginCaller/]: Registering fluid subtypes took 513.5 microseconds
[27Aug2026 23:34:28.840] [Server thread/INFO] [net.minecraft.client.server.IntegratedServer/]: Changing view distance to 5, from 10
[27Aug2026 23:34:28.840] [Render thread/INFO] [mezz.jei.library.load.PluginCaller/]: Registering ingredients...
[27Aug2026 23:34:28.844] [Server thread/INFO] [net.minecraft.client.server.IntegratedServer/]: Changing simulation distance to 12, from 0
[27Aug2026 23:34:28.971] [Render thread/INFO] [mezz.jei.library.load.PluginCallerTimerRunnable/]: Registering ingredients: jei:minecraft took 131.1 milliseconds
[27Aug2026 23:34:28.971] [Render thread/INFO] [mezz.jei.library.load.PluginCaller/]: Registering ingredients took 131.8 milliseconds
[27Aug2026 23:34:28.971] [Render thread/INFO] [mezz.jei.library.load.PluginCaller/]: Registering extra ingredients...
[27Aug2026 23:34:28.972] [Render thread/INFO] [mezz.jei.library.load.PluginCaller/]: Registering extra ingredients took 412.3 microseconds
[27Aug2026 23:34:28.972] [Render thread/INFO] [mezz.jei.library.load.PluginCaller/]: Registering search ingredient aliases...
[27Aug2026 23:34:28.973] [Render thread/INFO] [mezz.jei.library.load.PluginCaller/]: Registering search ingredient aliases took 505.0 microseconds
[27Aug2026 23:34:28.973] [Render thread/INFO] [mezz.jei.library.load.PluginCaller/]: Registering slot display interpreters...
[27Aug2026 23:34:28.978] [Render thread/INFO] [mezz.jei.library.load.PluginCaller/]: Registering slot display interpreters took 5.068 milliseconds
[27Aug2026 23:34:28.994] [Render thread/INFO] [mezz.jei.library.load.PluginCaller/]: Registering Mod Info...
[27Aug2026 23:34:28.995] [Render thread/INFO] [mezz.jei.library.load.PluginCaller/]: Registering Mod Info took 554.9 microseconds
[27Aug2026 23:34:29.014] [Render thread/INFO] [mezz.jei.library.load.PluginCaller/]: Registering advanced search...
[27Aug2026 23:34:29.014] [Render thread/INFO] [mezz.jei.library.load.PluginCaller/]: Registering advanced search took 424.2 microseconds
[27Aug2026 23:34:29.015] [Render thread/INFO] [mezz.jei.library.load.PluginCaller/]: Registering categories...
[27Aug2026 23:34:29.032] [Render thread/INFO] [mezz.jei.library.load.PluginCallerTimerRunnable/]: Registering categories: jei:minecraft took 16.18 milliseconds
[27Aug2026 23:34:29.038] [Render thread/INFO] [mezz.jei.library.load.PluginCaller/]: Registering categories took 22.05 milliseconds
[27Aug2026 23:34:29.039] [Render thread/INFO] [mezz.jei.library.load.PluginCaller/]: Registering vanilla category extensions...
[27Aug2026 23:34:29.044] [Render thread/INFO] [mezz.jei.library.load.PluginCaller/]: Registering vanilla category extensions took 4.686 milliseconds
[27Aug2026 23:34:29.045] [Render thread/INFO] [mezz.jei.library.load.PluginCaller/]: Registering recipe catalysts...
[27Aug2026 23:34:29.046] [Render thread/INFO] [mezz.jei.library.load.PluginCaller/]: Registering recipe catalysts took 1.084 milliseconds
[27Aug2026 23:34:29.047] [Render thread/INFO] [mezz.jei.common.util.LoggedTimer/]: Building recipe registry...
[27Aug2026 23:34:29.057] [Render thread/INFO] [mezz.jei.common.util.LoggedTimer/]: Building recipe registry took 10.02 milliseconds
[27Aug2026 23:34:29.058] [Render thread/INFO] [mezz.jei.library.load.PluginCaller/]: Registering advanced plugins...
[27Aug2026 23:34:29.059] [Render thread/INFO] [mezz.jei.library.load.PluginCaller/]: Registering advanced plugins took 400.7 microseconds
[27Aug2026 23:34:29.060] [Render thread/INFO] [mezz.jei.library.load.PluginCaller/]: Registering recipes...
[27Aug2026 23:34:29.219] [parseChunk/ERROR] [net.minecraft.world.level.chunk.storage.SerializableChunkData/]: Recoverable errors when loading section [5, -4, 2]: (Unknown registry key in ResourceKey[minecraft:root / minecraft:worldgen/biome]: biomesoplenty:lavender_field -> using default)
[27Aug2026 23:34:29.220] [parseChunk/ERROR] [net.minecraft.world.level.chunk.storage.SerializableChunkData/]: Recoverable errors when loading section [5, -3, 2]: (Unknown registry key in ResourceKey[minecraft:root / minecraft:worldgen/biome]: biomesoplenty:lavender_field -> using default)
[27Aug2026 23:34:29.220] [parseChunk/ERROR] [net.minecraft.world.level.chunk.storage.SerializableChunkData/]: Recoverable errors when loading section [5, -4, 5]: (Unknown registry key in ResourceKey[minecraft:root / minecraft:worldgen/biome]: biomesoplenty:lavender_field -> using default)
[27Aug2026 23:34:29.221] [parseChunk/ERROR] [net.minecraft.world.level.chunk.storage.SerializableChunkData/]: Recoverable errors when loading section [5, -3, 5]: (Unknown registry key in ResourceKey[minecraft:root / minecraft:worldgen/biome]: biomesoplenty:lavender_field -> using default)
[27Aug2026 23:34:29.221] [parseChunk/ERROR] [net.minecraft.world.level.chunk.storage.SerializableChunkData/]: Recoverable errors when loading section [5, -4, 6]: (Unknown registry key in ResourceKey[minecraft:root / minecraft:worldgen/biome]: biomesoplenty:lavender_field -> using default)
[27Aug2026 23:34:29.221] [parseChunk/ERROR] [net.minecraft.world.level.chunk.storage.SerializableChunkData/]: Recoverable errors when loading section [5, -4, 7]: (Unknown registry key in ResourceKey[minecraft:root / minecraft:worldgen/biome]: biomesoplenty:lavender_field -> using default)
[27Aug2026 23:34:29.221] [parseChunk/ERROR] [net.minecraft.world.level.chunk.storage.SerializableChunkData/]: Recoverable errors when loading section [5, -2, 5]: (Unknown registry key in ResourceKey[minecraft:root / minecraft:worldgen/biome]: biomesoplenty:spider_nest -> using default); (Unknown registry key in ResourceKey[minecraft:root / minecraft:worldgen/biome]: biomesoplenty:lavender_field -> using default)
[27Aug2026 23:34:29.221] [parseChunk/ERROR] [net.minecraft.world.level.chunk.storage.SerializableChunkData/]: Recoverable errors when loading section [5, -3, 7]: (Unknown registry key in ResourceKey[minecraft:root / minecraft:worldgen/biome]: biomesoplenty:lavender_field -> using default)
[27Aug2026 23:34:29.221] [parseChunk/ERROR] [net.minecraft.world.level.chunk.storage.SerializableChunkData/]: Recoverable errors when loading section [5, -1, 5]: (Unknown registry key in ResourceKey[minecraft:root / minecraft:block]: biomesoplenty:webbing -> using default); (Unknown registry key in ResourceKey[minecraft:root / minecraft:block]: biomesoplenty:webbing -> using default); (Unknown registry key in ResourceKey[minecraft:root / minecraft:block]: biomesoplenty:webbing -> using default)
[27Aug2026 23:34:29.221] [parseChunk/ERROR] [net.minecraft.world.level.chunk.storage.SerializableChunkData/]: Recoverable errors when loading section [5, -2, 7]: (Unknown registry key in ResourceKey[minecraft:root / minecraft:worldgen/biome]: biomesoplenty:spider_nest -> using default); (Unknown registry key in ResourceKey[minecraft:root / minecraft:worldgen/biome]: biomesoplenty:lavender_field -> using default)
[27Aug2026 23:34:29.221] [parseChunk/ERROR] [net.minecraft.world.level.chunk.storage.SerializableChunkData/]: Recoverable errors when loading section [5, -1, 5]: (Unknown registry key in ResourceKey[minecraft:root / minecraft:worldgen/biome]: biomesoplenty:spider_nest -> using default)
[27Aug2026 23:34:29.221] [parseChunk/ERROR] [net.minecraft.world.level.chunk.storage.SerializableChunkData/]: Recoverable errors when loading section [5, -3, 6]: (Unknown registry key in ResourceKey[minecraft:root / minecraft:worldgen/biome]: biomesoplenty:lavender_field -> using default)
[27Aug2026 23:34:29.221] [parseChunk/ERROR] [net.minecraft.world.level.chunk.storage.SerializableChunkData/]: Recoverable errors when loading section [5, -1, 7]: (Unknown registry key in ResourceKey[minecraft:root / minecraft:block]: biomesoplenty:hanging_cobweb -> using default)
[27Aug2026 23:34:29.221] [parseChunk/ERROR] [net.minecraft.world.level.chunk.storage.SerializableChunkData/]: Recoverable errors when loading section [5, -4, 1]: (Unknown registry key in ResourceKey[minecraft:root / minecraft:worldgen/biome]: biomesoplenty:lavender_field -> using default)
[27Aug2026 23:34:29.221] [parseChunk/ERROR] [net.minecraft.world.level.chunk.storage.SerializableChunkData/]: Recoverable errors when loading section [5, 0, 5]: (Unknown registry key in ResourceKey[minecraft:root / minecraft:block]: biomesoplenty:stringy_cobweb -> using default); (Unknown registry key in ResourceKey[minecraft:root / minecraft:block]: biomesoplenty:stringy_cobweb -> using default); (Unknown registry key in ResourceKey[minecraft:root / minecraft:block]: biomesoplenty:stringy_cobweb -> using default); (Unknown registry key in ResourceKey[minecraft:root / minecraft:block]: biomesoplenty:stringy_cobweb -> using default); (Unknown registry key in ResourceKey[minecraft:root / minecraft:block]: biomesoplenty:stringy_cobweb -> using default); (Unknown registry key in ResourceKey[minecraft:root / minecraft:block]: biomesoplenty:stringy_cobweb -> using default); (Unknown registry key in ResourceKey[minecraft:root / minecraft:block]: biomesoplenty:stringy_cobweb -> using default); (Unknown registry key in ResourceKey[minecraft:root / minecraft:block]: biomesoplenty:stringy_cobweb -> using default); (Unknown registry key in ResourceKey[minecraft:root / minecraft:block]: biomesoplenty:spider_egg -> using default)
[27Aug2026 23:34:29.222] [parseChunk/ERROR] [net.minecraft.world.level.chunk.storage.SerializableChunkData/]: Recoverable errors when loading section [5, -1, 7]: (Unknown registry key in ResourceKey[minecraft:root / minecraft:worldgen/biome]: biomesoplenty:spider_nest -> using default)
[27Aug2026 23:34:29.222] [parseChunk/ERROR] [net.minecraft.world.level.chunk.storage.SerializableChunkData/]: Recoverable errors when loading section [5, 0, 5]: (Unknown registry key in ResourceKey[minecraft:root / minecraft:worldgen/biome]: biomesoplenty:spider_nest -> using default)
[27Aug2026 23:34:29.222] [parseChunk/ERROR] [net.minecraft.world.level.chunk.storage.SerializableChunkData/]: Recoverable errors when loading section [5, 0, 7]: (Unknown registry key in ResourceKey[minecraft:root / minecraft:block]: biomesoplenty:webbing -> using default); (Unknown registry key in ResourceKey[minecraft:root / minecraft:block]: biomesoplenty:hanging_cobweb_strand -> using default)
[27Aug2026 23:34:29.222] [parseChunk/ERROR] [net.minecraft.world.level.chunk.storage.SerializableChunkData/]: Recoverable errors when loading section [5, 0, 7]: (Unknown registry key in ResourceKey[minecraft:root / minecraft:worldgen/biome]: biomesoplenty:spider_nest -> using default)
[27Aug2026 23:34:29.222] [parseChunk/ERROR] [net.minecraft.nbt.CompoundTag/]: Failed to read field (block_ticks=[{i:"biomesoplenty:jacaranda_leaves",p:0,t:0,x:94,y:68,z:67}, {i:"biomesoplenty:jacaranda_leaves",p:0,t:0,x:94,y:69,z:64}, {i:"biomesoplenty:jacaranda_leaves",p:0,t:0,x:94,y:69,z:67}, {i:"biomesoplenty:jacaranda_leaves",p:0,t:0,x:95,y:68,z:67}, {i:"biomesoplenty:jacaranda_leaves",p:0,t:0,x:95,y:69,z:67}, {i:"biomesoplenty:jacaranda_leaves",p:0,t:0,x:95,y:70,z:64}, {i:"biomesoplenty:jacaranda_leaves",p:0,t:0,x:95,y:70,z:66}, {i:"biomesoplenty:jacaranda_leaves",p:0,t:0,x:95,y:71,z:65}, {i:"biomesoplenty:jacaranda_leaves",p:0,t:0,x:94,y:68,z:64}, {i:"biomesoplenty:jacaranda_leaves",p:0,t:0,x:95,y:68,z:64}, {i:"biomesoplenty:jacaranda_leaves",p:0,t:0,x:94,y:68,z:65}, {i:"biomesoplenty:jacaranda_leaves",p:0,t:0,x:94,y:69,z:65}, {i:"biomesoplenty:jacaranda_leaves",p:0,t:0,x:95,y:68,z:65}, {i:"biomesoplenty:jacaranda_leaves",p:0,t:0,x:94,y:68,z:66}, {i:"biomesoplenty:jacaranda_leaves",p:0,t:0,x:94,y:69,z:66}, {i:"biomesoplenty:jacaranda_leaves",p:0,t:0,x:95,y:68,z:66}, {i:"biomesoplenty:jacaranda_leaves",p:0,t:0,x:95,y:70,z:65}]): Unknown registry key in ResourceKey[minecraft:root / minecraft:block]: biomesoplenty:jacaranda_leaves; Unknown registry key in ResourceKey[minecraft:root / minecraft:block]: biomesoplenty:jacaranda_leaves; Unknown registry key in ResourceKey[minecraft:root / minecraft:block]: biomesoplenty:jacaranda_leaves; Unknown registry key in ResourceKey[minecraft:root / minecraft:block]: biomesoplenty:jacaranda_leaves; Unknown registry key in ResourceKey[minecraft:root / minecraft:block]: biomesoplenty:jacaranda_leaves; Unknown registry key in ResourceKey[minecraft:root / minecraft:block]: biomesoplenty:jacaranda_leaves; Unknown registry key in ResourceKey[minecraft:root / minecraft:block]: biomesoplenty:jacaranda_leaves; Unknown registry key in ResourceKey[minecraft:root / minecraft:block]: biomesoplenty:jacaranda_leaves; Unknown registry key in ResourceKey[minecraft:root / minecraft:block]: biomesoplenty:jacaranda_leaves; Unknown registry key in ResourceKey[minecraft:root / minecraft:block]: biomesoplenty:jacaranda_leaves; Unknown registry key in ResourceKey[minecraft:root / minecraft:block]: biomesoplenty:jacaranda_leaves; Unknown registry key in ResourceKey[minecraft:root / minecraft:block]: biomesoplenty:jacaranda_leaves; Unknown registry key in ResourceKey[minecraft:root / minecraft:block]: biomesoplenty:jacaranda_leaves; Unknown registry key in ResourceKey[minecraft:root / minecraft:block]: biomesoplenty:jacaranda_leaves; Unknown registry key in ResourceKey[minecraft:root / minecraft:block]: biomesoplenty:jacaranda_leaves; Unknown registry key in ResourceKey[minecraft:root / minecraft:block]: biomesoplenty:jacaranda_leaves; Unknown registry key in ResourceKey[minecraft:root / minecraft:block]: biomesoplenty:jacaranda_leaves
[27Aug2026 23:34:29.222] [parseChunk/ERROR] [net.minecraft.world.level.chunk.storage.SerializableChunkData/]: Recoverable errors when loading section [5, 1, 7]: (Unknown registry key in ResourceKey[minecraft:root / minecraft:block]: biomesoplenty:hanging_cobweb -> using default)
[27Aug2026 23:34:29.222] [parseChunk/ERROR] [net.minecraft.world.level.chunk.storage.SerializableChunkData/]: Recoverable errors when loading section [5, -2, 6]: (Unknown registry key in ResourceKey[minecraft:root / minecraft:worldgen/biome]: biomesoplenty:spider_nest -> using default); (Unknown registry key in ResourceKey[minecraft:root / minecraft:worldgen/biome]: biomesoplenty:lavender_field -> using default)
[27Aug2026 23:34:29.222] [parseChunk/ERROR] [net.minecraft.world.level.chunk.storage.SerializableChunkData/]: Recoverable errors when loading section [5, -3, 1]: (Unknown registry key in ResourceKey[minecraft:root / minecraft:worldgen/biome]: biomesoplenty:lavender_field -> using default)
[27Aug2026 23:34:29.224] [parseChunk/ERROR] [net.minecraft.world.level.chunk.storage.SerializableChunkData/]: Recoverable errors when loading section [5, 1, 7]: (Unknown registry key in ResourceKey[minecraft:root / minecraft:worldgen/biome]: biomesoplenty:lavender_field -> using default); (Unknown registry key in ResourceKey[minecraft:root / minecraft:worldgen/biome]: biomesoplenty:spider_nest -> using default)
[27Aug2026 23:34:29.224] [parseChunk/ERROR] [net.minecraft.world.level.chunk.storage.SerializableChunkData/]: Recoverable errors when loading section [5, -2, 1]: (Unknown registry key in ResourceKey[minecraft:root / minecraft:block]: biomesoplenty:hanging_cobweb_strand -> using default); (Unknown registry key in ResourceKey[minecraft:root / minecraft:block]: biomesoplenty:hanging_cobweb -> using default)
[27Aug2026 23:34:29.224] [parseChunk/ERROR] [net.minecraft.world.level.chunk.storage.SerializableChunkData/]: Recoverable errors when loading section [5, -2, 1]: (Unknown registry key in ResourceKey[minecraft:root / minecraft:worldgen/biome]: biomesoplenty:spider_nest -> using default); (Unknown registry key in ResourceKey[minecraft:root / minecraft:worldgen/biome]: biomesoplenty:lavender_field -> using default)
[27Aug2026 23:34:29.222] [parseChunk/ERROR] [net.minecraft.world.level.chunk.storage.SerializableChunkData/]: Recoverable errors when loading section [5, -2, 2]: (Unknown registry key in ResourceKey[minecraft:root / minecraft:worldgen/biome]: biomesoplenty:spider_nest -> using default); (Unknown registry key in ResourceKey[minecraft:root / minecraft:worldgen/biome]: biomesoplenty:lavender_field -> using default)
[27Aug2026 23:34:29.222] [parseChunk/ERROR] [net.minecraft.world.level.chunk.storage.SerializableChunkData/]: Recoverable errors when loading section [5, 1, 5]: (Unknown registry key in ResourceKey[minecraft:root / minecraft:block]: biomesoplenty:stringy_cobweb -> using default); (Unknown registry key in ResourceKey[minecraft:root / minecraft:block]: biomesoplenty:stringy_cobweb -> using default); (Unknown registry key in ResourceKey[minecraft:root / minecraft:block]: biomesoplenty:stringy_cobweb -> using default); (Unknown registry key in ResourceKey[minecraft:root / minecraft:block]: biomesoplenty:stringy_cobweb -> using default); (Unknown registry key in ResourceKey[minecraft:root / minecraft:block]: biomesoplenty:stringy_cobweb -> using default)
[27Aug2026 23:34:29.224] [parseChunk/ERROR] [net.minecraft.world.level.chunk.storage.SerializableChunkData/]: Recoverable errors when loading section [5, 1, 5]: (Unknown registry key in ResourceKey[minecraft:root / minecraft:worldgen/biome]: biomesoplenty:spider_nest -> using default)
[27Aug2026 23:34:29.224] [parseChunk/ERROR] [net.minecraft.world.level.chunk.storage.SerializableChunkData/]: Recoverable errors when loading section [5, -1, 1]: (Unknown registry key in ResourceKey[minecraft:root / minecraft:block]: biomesoplenty:stringy_cobweb -> using default); (Unknown registry key in ResourceKey[minecraft:root / minecraft:block]: biomesoplenty:hanging_cobweb_strand -> using default); (Unknown registry key in ResourceKey[minecraft:root / minecraft:block]: biomesoplenty:hanging_cobweb -> using default); (Unknown registry key in ResourceKey[minecraft:root / minecraft:block]: biomesoplenty:stringy_cobweb -> using default); (Unknown registry key in ResourceKey[minecraft:root / minecraft:block]: biomesoplenty:stringy_cobweb -> using default); (Unknown registry key in ResourceKey[minecraft:root / minecraft:block]: biomesoplenty:stringy_cobweb -> using default); (Unknown registry key in ResourceKey[minecraft:root / minecraft:block]: biomesoplenty:stringy_cobweb -> using default); (Unknown registry key in ResourceKey[minecraft:root / minecraft:block]: biomesoplenty:spider_egg -> using default); (Unknown registry key in ResourceKey[minecraft:root / minecraft:block]: biomesoplenty:stringy_cobweb -> using default); (Unknown registry key in ResourceKey[minecraft:root / minecraft:block]: biomesoplenty:stringy_cobweb -> using default)
[27Aug2026 23:34:29.224] [parseChunk/ERROR] [net.minecraft.world.level.chunk.storage.SerializableChunkData/]: Recoverable errors when loading section [5, -1, 2]: (Unknown registry key in ResourceKey[minecraft:root / minecraft:block]: biomesoplenty:stringy_cobweb -> using default); (Unknown registry key in ResourceKey[minecraft:root / minecraft:block]: biomesoplenty:webbing -> using default); (Unknown registry key in ResourceKey[minecraft:root / minecraft:block]: biomesoplenty:webbing -> using default); (Unknown registry key in ResourceKey[minecraft:root / minecraft:block]: biomesoplenty:stringy_cobweb -> using default); (Unknown registry key in ResourceKey[minecraft:root / minecraft:block]: biomesoplenty:webbing -> using default); (Unknown registry key in ResourceKey[minecraft:root / minecraft:block]: biomesoplenty:hanging_cobweb_strand -> using default); (Unknown registry key in ResourceKey[minecraft:root / minecraft:block]: biomesoplenty:stringy_cobweb -> using default); (Unknown registry key in ResourceKey[minecraft:root / minecraft:block]: biomesoplenty:stringy_cobweb -> using default); (Unknown registry key in ResourceKey[minecraft:root / minecraft:block]: biomesoplenty:hanging_cobweb -> using default); (Unknown registry key in ResourceKey[minecraft:root / minecraft:block]: biomesoplenty:stringy_cobweb -> using default); (Unknown registry key in ResourceKey[minecraft:root / minecraft:block]: biomesoplenty:stringy_cobweb -> using default); (Unknown registry key in ResourceKey[minecraft:root / minecraft:block]: biomesoplenty:stringy_cobweb -> using default); (Unknown registry key in ResourceKey[minecraft:root / minecraft:block]: biomesoplenty:stringy_cobweb -> using default)
[27Aug2026 23:34:29.224] [parseChunk/ERROR] [net.minecraft.world.level.chunk.storage.SerializableChunkData/]: Recoverable errors when loading section [5, 2, 5]: (Unknown registry key in ResourceKey[minecraft:root / minecraft:block]: biomesoplenty:stringy_cobweb -> using default); (Unknown registry key in ResourceKey[minecraft:root / minecraft:block]: biomesoplenty:stringy_cobweb -> using default)
[27Aug2026 23:34:29.225] [parseChunk/ERROR] [net.minecraft.world.level.chunk.storage.SerializableChunkData/]: Recoverable errors when loading section [5, -1, 1]: (Unknown registry key in ResourceKey[minecraft:root / minecraft:worldgen/biome]: biomesoplenty:lavender_field -> using default); (Unknown registry key in ResourceKey[minecraft:root / minecraft:worldgen/biome]: biomesoplenty:spider_nest -> using default)
[27Aug2026 23:34:29.225] [parseChunk/ERROR] [net.minecraft.world.level.chunk.storage.SerializableChunkData/]: Recoverable errors when loading section [5, -1, 2]: (Unknown registry key in ResourceKey[minecraft:root / minecraft:worldgen/biome]: biomesoplenty:spider_nest -> using default)
[27Aug2026 23:34:29.225] [parseChunk/ERROR] [net.minecraft.world.level.chunk.storage.SerializableChunkData/]: Recoverable errors when loading section [5, 2, 5]: (Unknown registry key in ResourceKey[minecraft:root / minecraft:worldgen/biome]: biomesoplenty:lavender_field -> using default)
[27Aug2026 23:34:29.225] [parseChunk/ERROR] [net.minecraft.world.level.chunk.storage.SerializableChunkData/]: Recoverable errors when loading section [5, 3, 5]: (Unknown registry key in ResourceKey[minecraft:root / minecraft:block]: biomesoplenty:lavender -> using default)
[27Aug2026 23:34:29.225] [parseChunk/ERROR] [net.minecraft.world.level.chunk.storage.SerializableChunkData/]: Recoverable errors when loading section [5, 0, 1]: (Unknown registry key in ResourceKey[minecraft:root / minecraft:block]: biomesoplenty:webbing -> using default); (Unknown registry key in ResourceKey[minecraft:root / minecraft:block]: biomesoplenty:webbing -> using default)
[27Aug2026 23:34:29.225] [parseChunk/ERROR] [net.minecraft.world.level.chunk.storage.SerializableChunkData/]: Recoverable errors when loading section [5, 0, 2]: (Unknown registry key in ResourceKey[minecraft:root / minecraft:block]: biomesoplenty:stringy_cobweb -> using default); (Unknown registry key in ResourceKey[minecraft:root / minecraft:block]: biomesoplenty:stringy_cobweb -> using default); (Unknown registry key in ResourceKey[minecraft:root / minecraft:block]: biomesoplenty:stringy_cobweb -> using default); (Unknown registry key in ResourceKey[minecraft:root / minecraft:block]: biomesoplenty:webbing -> using default); (Unknown registry key in ResourceKey[minecraft:root / minecraft:block]: biomesoplenty:stringy_cobweb -> using default); (Unknown registry key in ResourceKey[minecraft:root / minecraft:block]: biomesoplenty:webbing -> using default); (Unknown registry key in ResourceKey[minecraft:root / minecraft:block]: biomesoplenty:webbing -> using default); (Unknown registry key in ResourceKey[minecraft:root / minecraft:block]: biomesoplenty:webbing -> using default); (Unknown registry key in ResourceKey[minecraft:root / minecraft:block]: biomesoplenty:webbing -> using default)
[27Aug2026 23:34:29.222] [parseChunk/ERROR] [net.minecraft.world.level.chunk.storage.SerializableChunkData/]: Recoverable errors when loading section [5, -4, 4]: (Unknown registry key in ResourceKey[minecraft:root / minecraft:worldgen/biome]: biomesoplenty:lavender_field -> using default)
[27Aug2026 23:34:29.224] [parseChunk/ERROR] [net.minecraft.world.level.chunk.storage.SerializableChunkData/]: Recoverable errors when loading section [5, -1, 6]: (Unknown registry key in ResourceKey[minecraft:root / minecraft:worldgen/biome]: biomesoplenty:spider_nest -> using default)
[27Aug2026 23:34:29.224] [parseChunk/ERROR] [net.minecraft.world.level.chunk.storage.SerializableChunkData/]: Recoverable errors when loading section [5, 2, 7]: (Unknown registry key in ResourceKey[minecraft:root / minecraft:worldgen/biome]: biomesoplenty:lavender_field -> using default)
[27Aug2026 23:34:29.223] [parseChunk/ERROR] [net.minecraft.nbt.CompoundTag/]: Failed to read field (block_ticks=[{i:"minecraft:oak_leaves",p:0,t:0,x:80,y:70,z:57}, {i:"minecraft:oak_leaves",p:0,t:0,x:80,y:71,z:56}, {i:"minecraft:oak_leaves",p:0,t:0,x:80,y:71,z:62}, {i:"minecraft:oak_leaves",p:0,t:0,x:80,y:72,z:56}, {i:"minecraft:oak_leaves",p:0,t:0,x:80,y:72,z:62}, {i:"biomesoplenty:flowering_oak_leaves",p:0,t:0,x:80,y:73,z:56}, {i:"minecraft:oak_leaves",p:0,t:0,x:80,y:73,z:62}, {i:"biomesoplenty:flowering_oak_leaves",p:0,t:0,x:80,y:74,z:57}, {i:"minecraft:oak_leaves",p:0,t:0,x:80,y:74,z:62}, {i:"minecraft:oak_leaves",p:0,t:0,x:80,y:75,z:60}, {i:"minecraft:oak_leaves",p:0,t:0,x:81,y:70,z:58}, {i:"minecraft:oak_leaves",p:0,t:0,x:81,y:70,z:61}, {i:"minecraft:oak_leaves",p:0,t:0,x:81,y:71,z:56}, {i:"minecraft:oak_leaves",p:0,t:0,x:81,y:71,z:63}, {i:"minecraft:oak_leaves",p:0,t:0,x:81,y:72,z:56}, {i:"minecraft:oak_leaves",p:0,t:0,x:81,y:72,z:63}, {i:"minecraft:oak_leaves",p:0,t:0,x:81,y:73,z:56}, {i:"biomesoplenty:flowering_oak_leaves",p:0,t:0,x:81,y:73,z:63}, {i:"minecraft:oak_leaves",p:0,t:0,x:81,y:74,z:58}, {i:"minecraft:oak_leaves",p:0,t:0,x:81,y:74,z:61}, {i:"biomesoplenty:flowering_oak_leaves",p:0,t:0,x:82,y:70,z:60}, {i:"minecraft:oak_leaves",p:0,t:0,x:82,y:70,z:62}, {i:"minecraft:oak_leaves",p:0,t:0,x:82,y:71,z:57}, {i:"biomesoplenty:flowering_oak_leaves",p:0,t:0,x:82,y:71,z:63}, {i:"minecraft:oak_leaves",p:0,t:0,x:82,y:72,z:57}, {i:"minecraft:oak_leaves",p:0,t:0,x:82,y:72,z:63}, {i:"minecraft:oak_leaves",p:0,t:0,x:82,y:73,z:57}, {i:"minecraft:oak_leaves",p:0,t:0,x:82,y:73,z:63}, {i:"biomesoplenty:flowering_oak_leaves",p:0,t:0,x:82,y:74,z:60}, {i:"minecraft:oak_leaves",p:0,t:0,x:82,y:74,z:62}, {i:"minecraft:oak_leaves",p:0,t:0,x:83,y:70,z:61}, {i:"biomesoplenty:flowering_oak_leaves",p:0,t:0,x:83,y:71,z:59}, {i:"biomesoplenty:flowering_oak_leaves",p:0,t:0,x:83,y:71,z:63}, {i:"minecraft:oak_leaves",p:0,t:0,x:83,y:72,z:59}, {i:"minecraft:oak_leaves",p:0,t:0,x:83,y:72,z:63}, {i:"minecraft:oak_leaves",p:0,t:0,x:83,y:73,z:59}, {i:"minecraft:oak_leaves",p:0,t:0,x:83,y:73,z:63}, {i:"minecraft:oak_leaves",p:0,t:0,x:83,y:74,z:61}, {i:"biomesoplenty:flowering_oak_leaves",p:0,t:0,x:84,y:71,z:60}, {i:"minecraft:oak_leaves",p:0,t:0,x:84,y:71,z:62}, {i:"minecraft:oak_leaves",p:0,t:0,x:84,y:72,z:60}, {i:"minecraft:oak_leaves",p:0,t:0,x:84,y:72,z:62}, {i:"minecraft:oak_leaves",p:0,t:0,x:84,y:73,z:60}, {i:"minecraft:oak_leaves",p:0,t:0,x:84,y:73,z:62}, {i:"minecraft:oak_leaves",p:0,t:0,x:81,y:71,z:57}, {i:"minecraft:oak_leaves",p:0,t:0,x:81,y:73,z:57}, {i:"biomesoplenty:flowering_oak_leaves",p:0,t:0,x:80,y:74,z:58}, {i:"minecraft:oak_leaves",p:0,t:0,x:82,y:71,z:58}, {i:"minecraft:oak_leaves",p:0,t:0,x:82,y:73,z:58}, {i:"biomesoplenty:flowering_oak_leaves",p:0,t:0,x:80,y:74,z:59}, {i:"minecraft:oak_leaves",p:0,t:0,x:81,y:71,z:59}, {i:"minecraft:oak_leaves",p:0,t:0,x:81,y:74,z:59}, {i:"minecraft:oak_leaves",p:0,t:0,x:82,y:71,z:59}, {i:"biomesoplenty:flowering_oak_leaves",p:0,t:0,x:82,y:73,z:59}, {i:"minecraft:oak_leaves",p:0,t:0,x:80,y:71,z:60}, {i:"minecraft:oak_leaves",p:0,t:0,x:81,y:71,z:60}, {i:"minecraft:oak_leaves",p:0,t:0,x:81,y:74,z:60}, {i:"minecraft:oak_leaves",p:0,t:0,x:83,y:71,z:60}, {i:"minecraft:oak_leaves",p:0,t:0,x:83,y:73,z:60}, {i:"minecraft:oak_leaves",p:0,t:0,x:80,y:71,z:61}, {i:"minecraft:oak_leaves",p:0,t:0,x:80,y:74,z:61}, {i:"minecraft:oak_leaves",p:0,t:0,x:82,y:74,z:61}, {i:"minecraft:oak_leaves",p:0,t:0,x:84,y:71,z:61}, {i:"minecraft:oak_leaves",p:0,t:0,x:84,y:73,z:61}, {i:"biomesoplenty:flowering_oak_leaves",p:0,t:0,x:81,y:71,z:62}, {i:"minecraft:oak_leaves",p:0,t:0,x:81,y:73,z:62}, {i:"biomesoplenty:flowering_oak_leaves",p:0,t:0,x:83,y:71,z:62}, {i:"minecraft:oak_leaves",p:0,t:0,x:83,y:73,z:62}, {i:"minecraft:oak_leaves",p:0,t:0,x:82,y:72,z:58}, {i:"biomesoplenty:flowering_oak_leaves",p:0,t:0,x:84,y:72,z:61}, {i:"biomesoplenty:jacaranda_leaves",p:0,t:0,x:94,y:68,z:63}, {i:"biomesoplenty:jacaranda_leaves",p:0,t:0,x:95,y:67,z:63}, {i:"biomesoplenty:jacaranda_leaves",p:0,t:0,x:95,y:68,z:63}, {i:"biomesoplenty:jacaranda_leaves",p:0,t:0,x:95,y:69,z:63}]): Unknown registry key in ResourceKey[minecraft:root / minecraft:block]: biomesoplenty:jacaranda_leaves; Unknown registry key in ResourceKey[minecraft:root / minecraft:block]: biomesoplenty:jacaranda_leaves; Unknown registry key in ResourceKey[minecraft:root / minecraft:block]: biomesoplenty:jacaranda_leaves; Unknown registry key in ResourceKey[minecraft:root / minecraft:block]: biomesoplenty:jacaranda_leaves; Unknown registry key in ResourceKey[minecraft:root / minecraft:block]: biomesoplenty:flowering_oak_leaves; Unknown registry key in ResourceKey[minecraft:root / minecraft:block]: biomesoplenty:flowering_oak_leaves; Unknown registry key in ResourceKey[minecraft:root / minecraft:block]: biomesoplenty:flowering_oak_leaves; Unknown registry key in ResourceKey[minecraft:root / minecraft:block]: biomesoplenty:flowering_oak_leaves; Unknown registry key in ResourceKey[minecraft:root / minecraft:block]: biomesoplenty:flowering_oak_leaves; Unknown registry key in ResourceKey[minecraft:root / minecraft:block]: biomesoplenty:flowering_oak_leaves; Unknown registry key in ResourceKey[minecraft:root / minecraft:block]: biomesoplenty:flowering_oak_leaves; Unknown registry key in ResourceKey[minecraft:root / minecraft:block]: biomesoplenty:flowering_oak_leaves; Unknown registry key in ResourceKey[minecraft:root / minecraft:block]: biomesoplenty:flowering_oak_leaves; Unknown registry key in ResourceKey[minecraft:root / minecraft:block]: biomesoplenty:flowering_oak_leaves; Unknown registry key in ResourceKey[minecraft:root / minecraft:block]: biomesoplenty:flowering_oak_leaves; Unknown registry key in ResourceKey[minecraft:root / minecraft:block]: biomesoplenty:flowering_oak_leaves; Unknown registry key in ResourceKey[minecraft:root / minecraft:block]: biomesoplenty:flowering_oak_leaves; Unknown registry key in ResourceKey[minecraft:root / minecraft:block]: biomesoplenty:flowering_oak_leaves; Unknown registry key in ResourceKey[minecraft:root / minecraft:block]: biomesoplenty:flowering_oak_leaves
[27Aug2026 23:34:29.225] [parseChunk/ERROR] [net.minecraft.world.level.chunk.storage.SerializableChunkData/]: Recoverable errors when loading section [5, 3, 5]: (Unknown registry key in ResourceKey[minecraft:root / minecraft:worldgen/biome]: biomesoplenty:lavender_field -> using default)
[27Aug2026 23:34:29.225] [parseChunk/ERROR] [net.minecraft.world.level.chunk.storage.SerializableChunkData/]: Recoverable errors when loading section [5, 0, 1]: (Unknown registry key in ResourceKey[minecraft:root / minecraft:worldgen/biome]: biomesoplenty:lavender_field -> using default); (Unknown registry key in ResourceKey[minecraft:root / minecraft:worldgen/biome]: biomesoplenty:spider_nest -> using default)
[27Aug2026 23:34:29.225] [parseChunk/ERROR] [net.minecraft.world.level.chunk.storage.SerializableChunkData/]: Recoverable errors when loading section [5, 3, 7]: (Unknown registry key in ResourceKey[minecraft:root / minecraft:worldgen/biome]: biomesoplenty:lavender_field -> using default)
[27Aug2026 23:34:29.225] [parseChunk/ERROR] [net.minecraft.world.level.chunk.storage.SerializableChunkData/]: Recoverable errors when loading section [5, 4, 5]: (Unknown registry key in ResourceKey[minecraft:root / minecraft:block]: biomesoplenty:tall_lavender -> using default); (Unknown registry key in ResourceKey[minecraft:root / minecraft:block]: biomesoplenty:sprout -> using default); (Unknown registry key in ResourceKey[minecraft:root / minecraft:block]: biomesoplenty:tall_lavender -> using default); (Unknown registry key in ResourceKey[minecraft:root / minecraft:block]: biomesoplenty:jacaranda_log -> using default); (Unknown registry key in ResourceKey[minecraft:root / minecraft:block]: biomesoplenty:lavender -> using default)
[27Aug2026 23:34:29.225] [parseChunk/ERROR] [net.minecraft.world.level.chunk.storage.SerializableChunkData/]: Recoverable errors when loading section [5, -4, 3]: (Unknown registry key in ResourceKey[minecraft:root / minecraft:worldgen/biome]: biomesoplenty:lavender_field -> using default)
[27Aug2026 23:34:29.225] [parseChunk/ERROR] [net.minecraft.world.level.chunk.storage.SerializableChunkData/]: Recoverable errors when loading section [5, 1, 1]: (Unknown registry key in ResourceKey[minecraft:root / minecraft:block]: biomesoplenty:stringy_cobweb -> using default); (Unknown registry key in ResourceKey[minecraft:root / minecraft:block]: biomesoplenty:stringy_cobweb -> using default)
[27Aug2026 23:34:29.226] [parseChunk/ERROR] [net.minecraft.world.level.chunk.storage.SerializableChunkData/]: Recoverable errors when loading section [5, 4, 5]: (Unknown registry key in ResourceKey[minecraft:root / minecraft:worldgen/biome]: biomesoplenty:lavender_field -> using default)
[27Aug2026 23:34:29.226] [parseChunk/ERROR] [net.minecraft.world.level.chunk.storage.SerializableChunkData/]: Recoverable errors when loading section [5, 4, 7]: (Unknown registry key in ResourceKey[minecraft:root / minecraft:block]: biomesoplenty:sprout -> using default); (Unknown registry key in ResourceKey[minecraft:root / minecraft:block]: biomesoplenty:tall_lavender -> using default); (Unknown registry key in ResourceKey[minecraft:root / minecraft:block]: biomesoplenty:jacaranda_log -> using default); (Unknown registry key in ResourceKey[minecraft:root / minecraft:block]: biomesoplenty:lavender -> using default); (Unknown registry key in ResourceKey[minecraft:root / minecraft:block]: biomesoplenty:tall_lavender -> using default)
[27Aug2026 23:34:29.226] [parseChunk/ERROR] [net.minecraft.world.level.chunk.storage.SerializableChunkData/]: Recoverable errors when loading section [5, 1, 1]: (Unknown registry key in ResourceKey[minecraft:root / minecraft:worldgen/biome]: biomesoplenty:lavender_field -> using default)
[27Aug2026 23:34:29.226] [parseChunk/ERROR] [net.minecraft.world.level.chunk.storage.SerializableChunkData/]: Recoverable errors when loading section [5, 4, 7]: (Unknown registry key in ResourceKey[minecraft:root / minecraft:worldgen/biome]: biomesoplenty:lavender_field -> using default)
[27Aug2026 23:34:29.226] [parseChunk/ERROR] [net.minecraft.world.level.chunk.storage.SerializableChunkData/]: Recoverable errors when loading section [5, 5, 5]: (Unknown registry key in ResourceKey[minecraft:root / minecraft:worldgen/biome]: biomesoplenty:lavender_field -> using default)
[27Aug2026 23:34:29.225] [parseChunk/ERROR] [net.minecraft.world.level.chunk.storage.SerializableChunkData/]: Recoverable errors when loading section [5, 0, 2]: (Unknown registry key in ResourceKey[minecraft:root / minecraft:worldgen/biome]: biomesoplenty:spider_nest -> using default)
[27Aug2026 23:34:29.226] [parseChunk/ERROR] [net.minecraft.world.level.chunk.storage.SerializableChunkData/]: Recoverable errors when loading section [5, 6, 5]: (Unknown registry key in ResourceKey[minecraft:root / minecraft:worldgen/biome]: biomesoplenty:lavender_field -> using default)
[27Aug2026 23:34:29.226] [parseChunk/ERROR] [net.minecraft.world.level.chunk.storage.SerializableChunkData/]: Recoverable errors when loading section [5, 7, 5]: (Unknown registry key in ResourceKey[minecraft:root / minecraft:worldgen/biome]: biomesoplenty:lavender_field -> using default)
[27Aug2026 23:34:29.226] [parseChunk/ERROR] [net.minecraft.world.level.chunk.storage.SerializableChunkData/]: Recoverable errors when loading section [5, 1, 2]: (Unknown registry key in ResourceKey[minecraft:root / minecraft:block]: biomesoplenty:stringy_cobweb -> using default); (Unknown registry key in ResourceKey[minecraft:root / minecraft:block]: biomesoplenty:stringy_cobweb -> using default); (Unknown registry key in ResourceKey[minecraft:root / minecraft:block]: biomesoplenty:stringy_cobweb -> using default)
[27Aug2026 23:34:29.226] [parseChunk/ERROR] [net.minecraft.world.level.chunk.storage.SerializableChunkData/]: Recoverable errors when loading section [5, 8, 5]: (Unknown registry key in ResourceKey[minecraft:root / minecraft:worldgen/biome]: biomesoplenty:lavender_field -> using default)
[27Aug2026 23:34:29.226] [parseChunk/ERROR] [net.minecraft.world.level.chunk.storage.SerializableChunkData/]: Recoverable errors when loading section [5, 9, 5]: (Unknown registry key in ResourceKey[minecraft:root / minecraft:worldgen/biome]: biomesoplenty:lavender_field -> using default)
[27Aug2026 23:34:29.226] [parseChunk/ERROR] [net.minecraft.world.level.chunk.storage.SerializableChunkData/]: Recoverable errors when loading section [5, 1, 2]: (Unknown registry key in ResourceKey[minecraft:root / minecraft:worldgen/biome]: biomesoplenty:lavender_field -> using default); (Unknown registry key in ResourceKey[minecraft:root / minecraft:worldgen/biome]: biomesoplenty:spider_nest -> using default)
[27Aug2026 23:34:29.226] [parseChunk/ERROR] [net.minecraft.world.level.chunk.storage.SerializableChunkData/]: Recoverable errors when loading section [5, 10, 5]: (Unknown registry key in ResourceKey[minecraft:root / minecraft:worldgen/biome]: biomesoplenty:lavender_field -> using default)
[27Aug2026 23:34:29.226] [parseChunk/ERROR] [net.minecraft.world.level.chunk.storage.SerializableChunkData/]: Recoverable errors when loading section [5, 11, 5]: (Unknown registry key in ResourceKey[minecraft:root / minecraft:worldgen/biome]: biomesoplenty:lavender_field -> using default)
[27Aug2026 23:34:29.227] [parseChunk/ERROR] [net.minecraft.world.level.chunk.storage.SerializableChunkData/]: Recoverable errors when loading section [5, 2, 2]: (Unknown registry key in ResourceKey[minecraft:root / minecraft:block]: biomesoplenty:stringy_cobweb -> using default); (Unknown registry key in ResourceKey[minecraft:root / minecraft:block]: biomesoplenty:stringy_cobweb -> using default)
[27Aug2026 23:34:29.227] [parseChunk/ERROR] [net.minecraft.world.level.chunk.storage.SerializableChunkData/]: Recoverable errors when loading section [5, 12, 5]: (Unknown registry key in ResourceKey[minecraft:root / minecraft:worldgen/biome]: biomesoplenty:lavender_field -> using default)
[27Aug2026 23:34:29.227] [parseChunk/ERROR] [net.minecraft.world.level.chunk.storage.SerializableChunkData/]: Recoverable errors when loading section [5, 2, 2]: (Unknown registry key in ResourceKey[minecraft:root / minecraft:worldgen/biome]: biomesoplenty:lavender_field -> using default)
[27Aug2026 23:34:29.227] [parseChunk/ERROR] [net.minecraft.world.level.chunk.storage.SerializableChunkData/]: Recoverable errors when loading section [5, 13, 5]: (Unknown registry key in ResourceKey[minecraft:root / minecraft:worldgen/biome]: biomesoplenty:lavender_field -> using default)
[27Aug2026 23:34:29.227] [parseChunk/ERROR] [net.minecraft.world.level.chunk.storage.SerializableChunkData/]: Recoverable errors when loading section [5, 14, 5]: (Unknown registry key in ResourceKey[minecraft:root / minecraft:worldgen/biome]: biomesoplenty:lavender_field -> using default)
[27Aug2026 23:34:29.227] [parseChunk/ERROR] [net.minecraft.world.level.chunk.storage.SerializableChunkData/]: Recoverable errors when loading section [5, 3, 2]: (Unknown registry key in ResourceKey[minecraft:root / minecraft:worldgen/biome]: biomesoplenty:lavender_field -> using default)
[27Aug2026 23:34:29.225] [parseChunk/ERROR] [net.minecraft.world.level.chunk.storage.SerializableChunkData/]: Recoverable errors when loading section [5, -3, 4]: (Unknown registry key in ResourceKey[minecraft:root / minecraft:worldgen/biome]: biomesoplenty:lavender_field -> using default)
[27Aug2026 23:34:29.226] [parseChunk/ERROR] [net.minecraft.world.level.chunk.storage.SerializableChunkData/]: Recoverable errors when loading section [5, -3, 3]: (Unknown registry key in ResourceKey[minecraft:root / minecraft:worldgen/biome]: biomesoplenty:lavender_field -> using default)
[27Aug2026 23:34:29.226] [parseChunk/ERROR] [net.minecraft.world.level.chunk.storage.SerializableChunkData/]: Recoverable errors when loading section [5, 5, 7]: (Unknown registry key in ResourceKey[minecraft:root / minecraft:worldgen/biome]: biomesoplenty:lavender_field -> using default)
[27Aug2026 23:34:29.226] [parseChunk/ERROR] [net.minecraft.world.level.chunk.storage.SerializableChunkData/]: Recoverable errors when loading section [5, 2, 1]: (Unknown registry key in ResourceKey[minecraft:root / minecraft:block]: biomesoplenty:stringy_cobweb -> using default); (Unknown registry key in ResourceKey[minecraft:root / minecraft:block]: biomesoplenty:stringy_cobweb -> using default)
[27Aug2026 23:34:29.227] [parseChunk/ERROR] [net.minecraft.world.level.chunk.storage.SerializableChunkData/]: Recoverable errors when loading section [5, 15, 5]: (Unknown registry key in ResourceKey[minecraft:root / minecraft:worldgen/biome]: biomesoplenty:lavender_field -> using default)
[27Aug2026 23:34:29.228] [parseChunk/ERROR] [net.minecraft.world.level.chunk.storage.SerializableChunkData/]: Recoverable errors when loading section [5, 16, 5]: (Unknown registry key in ResourceKey[minecraft:root / minecraft:worldgen/biome]: biomesoplenty:lavender_field -> using default)
[27Aug2026 23:34:29.228] [parseChunk/ERROR] [net.minecraft.world.level.chunk.storage.SerializableChunkData/]: Recoverable errors when loading section [5, 4, 2]: (Unknown registry key in ResourceKey[minecraft:root / minecraft:worldgen/biome]: biomesoplenty:lavender_field -> using default)
[27Aug2026 23:34:29.228] [parseChunk/ERROR] [net.minecraft.world.level.chunk.storage.SerializableChunkData/]: Recoverable errors when loading section [5, 6, 7]: (Unknown registry key in ResourceKey[minecraft:root / minecraft:worldgen/biome]: biomesoplenty:lavender_field -> using default)
[27Aug2026 23:34:29.228] [parseChunk/ERROR] [net.minecraft.world.level.chunk.storage.SerializableChunkData/]: Recoverable errors when loading section [5, 2, 1]: (Unknown registry key in ResourceKey[minecraft:root / minecraft:worldgen/biome]: biomesoplenty:lavender_field -> using default)
[27Aug2026 23:34:29.228] [parseChunk/ERROR] [net.minecraft.world.level.chunk.storage.SerializableChunkData/]: Recoverable errors when loading section [5, -2, 4]: (Unknown registry key in ResourceKey[minecraft:root / minecraft:worldgen/biome]: biomesoplenty:spider_nest -> using default); (Unknown registry key in ResourceKey[minecraft:root / minecraft:worldgen/biome]: biomesoplenty:lavender_field -> using default)
[27Aug2026 23:34:29.231] [parseChunk/ERROR] [net.minecraft.world.level.chunk.storage.SerializableChunkData/]: Recoverable errors when loading section [5, 3, 1]: (Unknown registry key in ResourceKey[minecraft:root / minecraft:block]: biomesoplenty:lavender -> using default)
[27Aug2026 23:34:29.231] [parseChunk/ERROR] [net.minecraft.world.level.chunk.storage.SerializableChunkData/]: Recoverable errors when loading section [5, 3, 1]: (Unknown registry key in ResourceKey[minecraft:root / minecraft:worldgen/biome]: biomesoplenty:lavender_field -> using default)
[27Aug2026 23:34:29.231] [parseChunk/ERROR] [net.minecraft.world.level.chunk.storage.SerializableChunkData/]: Recoverable errors when loading section [5, 4, 1]: (Unknown registry key in ResourceKey[minecraft:root / minecraft:block]: biomesoplenty:lavender -> using default)
[27Aug2026 23:34:29.231] [parseChunk/ERROR] [net.minecraft.world.level.chunk.storage.SerializableChunkData/]: Recoverable errors when loading section [5, 4, 1]: (Unknown registry key in ResourceKey[minecraft:root / minecraft:worldgen/biome]: biomesoplenty:lavender_field -> using default)
[27Aug2026 23:34:29.231] [parseChunk/ERROR] [net.minecraft.world.level.chunk.storage.SerializableChunkData/]: Recoverable errors when loading section [5, 5, 1]: (Unknown registry key in ResourceKey[minecraft:root / minecraft:worldgen/biome]: biomesoplenty:lavender_field -> using default)
[27Aug2026 23:34:29.231] [parseChunk/ERROR] [net.minecraft.world.level.chunk.storage.SerializableChunkData/]: Recoverable errors when loading section [5, 6, 1]: (Unknown registry key in ResourceKey[minecraft:root / minecraft:worldgen/biome]: biomesoplenty:lavender_field -> using default)
[27Aug2026 23:34:29.231] [parseChunk/ERROR] [net.minecraft.world.level.chunk.storage.SerializableChunkData/]: Recoverable errors when loading section [5, 7, 1]: (Unknown registry key in ResourceKey[minecraft:root / minecraft:worldgen/biome]: biomesoplenty:lavender_field -> using default)
[27Aug2026 23:34:29.232] [parseChunk/ERROR] [net.minecraft.world.level.chunk.storage.SerializableChunkData/]: Recoverable errors when loading section [5, 8, 1]: (Unknown registry key in ResourceKey[minecraft:root / minecraft:worldgen/biome]: biomesoplenty:lavender_field -> using default)
[27Aug2026 23:34:29.232] [parseChunk/ERROR] [net.minecraft.world.level.chunk.storage.SerializableChunkData/]: Recoverable errors when loading section [5, 9, 1]: (Unknown registry key in ResourceKey[minecraft:root / minecraft:worldgen/biome]: biomesoplenty:lavender_field -> using default)
[27Aug2026 23:34:29.232] [parseChunk/ERROR] [net.minecraft.world.level.chunk.storage.SerializableChunkData/]: Recoverable errors when loading section [5, 10, 1]: (Unknown registry key in ResourceKey[minecraft:root / minecraft:worldgen/biome]: biomesoplenty:lavender_field -> using default)
[27Aug2026 23:34:29.232] [parseChunk/ERROR] [net.minecraft.world.level.chunk.storage.SerializableChunkData/]: Recoverable errors when loading section [5, 11, 1]: (Unknown registry key in ResourceKey[minecraft:root / minecraft:worldgen/biome]: biomesoplenty:lavender_field -> using default)
[27Aug2026 23:34:29.232] [parseChunk/ERROR] [net.minecraft.world.level.chunk.storage.SerializableChunkData/]: Recoverable errors when loading section [5, 12, 1]: (Unknown registry key in ResourceKey[minecraft:root / minecraft:worldgen/biome]: biomesoplenty:lavender_field -> using default)
[27Aug2026 23:34:29.232] [parseChunk/ERROR] [net.minecraft.world.level.chunk.storage.SerializableChunkData/]: Recoverable errors when loading section [5, 13, 1]: (Unknown registry key in ResourceKey[minecraft:root / minecraft:worldgen/biome]: biomesoplenty:lavender_field -> using default)
[27Aug2026 23:34:29.228] [parseChunk/ERROR] [net.minecraft.world.level.chunk.storage.SerializableChunkData/]: Recoverable errors when loading section [5, 17, 5]: (Unknown registry key in ResourceKey[minecraft:root / minecraft:worldgen/biome]: biomesoplenty:lavender_field -> using default)
[27Aug2026 23:34:29.232] [parseChunk/ERROR] [net.minecraft.world.level.chunk.storage.SerializableChunkData/]: Recoverable errors when loading section [5, 14, 1]: (Unknown registry key in ResourceKey[minecraft:root / minecraft:worldgen/biome]: biomesoplenty:lavender_field -> using default)
[27Aug2026 23:34:29.226] [parseChunk/ERROR] [net.minecraft.world.level.chunk.storage.SerializableChunkData/]: Recoverable errors when loading section [5, 0, 6]: (Unknown registry key in ResourceKey[minecraft:root / minecraft:block]: biomesoplenty:stringy_cobweb -> using default); (Unknown registry key in ResourceKey[minecraft:root / minecraft:block]: biomesoplenty:stringy_cobweb -> using default); (Unknown registry key in ResourceKey[minecraft:root / minecraft:block]: biomesoplenty:webbing -> using default); (Unknown registry key in ResourceKey[minecraft:root / minecraft:block]: biomesoplenty:webbing -> using default); (Unknown registry key in ResourceKey[minecraft:root / minecraft:block]: biomesoplenty:webbing -> using default); (Unknown registry key in ResourceKey[minecraft:root / minecraft:block]: biomesoplenty:spider_egg -> using default); (Unknown registry key in ResourceKey[minecraft:root / minecraft:block]: biomesoplenty:hanging_cobweb_strand -> using default); (Unknown registry key in ResourceKey[minecraft:root / minecraft:block]: biomesoplenty:hanging_cobweb -> using default)
[27Aug2026 23:34:29.232] [parseChunk/ERROR] [net.minecraft.world.level.chunk.storage.SerializableChunkData/]: Recoverable errors when loading section [5, 15, 1]: (Unknown registry key in ResourceKey[minecraft:root / minecraft:worldgen/biome]: biomesoplenty:lavender_field -> using default)
[27Aug2026 23:34:29.232] [parseChunk/ERROR] [net.minecraft.world.level.chunk.storage.SerializableChunkData/]: Recoverable errors when loading section [5, 18, 5]: (Unknown registry key in ResourceKey[minecraft:root / minecraft:worldgen/biome]: biomesoplenty:lavender_field -> using default)
[27Aug2026 23:34:29.232] [parseChunk/ERROR] [net.minecraft.world.level.chunk.storage.SerializableChunkData/]: Recoverable errors when loading section [5, 0, 6]: (Unknown registry key in ResourceKey[minecraft:root / minecraft:worldgen/biome]: biomesoplenty:spider_nest -> using default)
[27Aug2026 23:34:29.232] [parseChunk/ERROR] [net.minecraft.world.level.chunk.storage.SerializableChunkData/]: Recoverable errors when loading section [5, 19, 5]: (Unknown registry key in ResourceKey[minecraft:root / minecraft:worldgen/biome]: biomesoplenty:lavender_field -> using default)
[27Aug2026 23:34:29.233] [parseChunk/ERROR] [net.minecraft.world.level.chunk.storage.SerializableChunkData/]: Recoverable errors when loading section [5, 1, 6]: (Unknown registry key in ResourceKey[minecraft:root / minecraft:block]: biomesoplenty:stringy_cobweb -> using default); (Unknown registry key in ResourceKey[minecraft:root / minecraft:block]: biomesoplenty:stringy_cobweb -> using default); (Unknown registry key in ResourceKey[minecraft:root / minecraft:block]: biomesoplenty:webbing -> using default); (Unknown registry key in ResourceKey[minecraft:root / minecraft:block]: biomesoplenty:stringy_cobweb -> using default)
[27Aug2026 23:34:29.233] [parseChunk/ERROR] [net.minecraft.world.level.chunk.storage.SerializableChunkData/]: Recoverable errors when loading section [5, 1, 6]: (Unknown registry key in ResourceKey[minecraft:root / minecraft:worldgen/biome]: biomesoplenty:spider_nest -> using default)
[27Aug2026 23:34:29.233] [parseChunk/ERROR] [net.minecraft.world.level.chunk.storage.SerializableChunkData/]: Recoverable errors when loading section [5, 2, 6]: (Unknown registry key in ResourceKey[minecraft:root / minecraft:block]: biomesoplenty:stringy_cobweb -> using default); (Unknown registry key in ResourceKey[minecraft:root / minecraft:block]: biomesoplenty:stringy_cobweb -> using default); (Unknown registry key in ResourceKey[minecraft:root / minecraft:block]: biomesoplenty:stringy_cobweb -> using default); (Unknown registry key in ResourceKey[minecraft:root / minecraft:block]: biomesoplenty:stringy_cobweb -> using default)
[27Aug2026 23:34:29.228] [parseChunk/ERROR] [net.minecraft.world.level.chunk.storage.SerializableChunkData/]: Recoverable errors when loading section [5, -2, 3]: (Unknown registry key in ResourceKey[minecraft:root / minecraft:worldgen/biome]: biomesoplenty:spider_nest -> using default); (Unknown registry key in ResourceKey[minecraft:root / minecraft:worldgen/biome]: biomesoplenty:lavender_field -> using default)
[27Aug2026 23:34:29.233] [parseChunk/ERROR] [net.minecraft.world.level.chunk.storage.SerializableChunkData/]: Recoverable errors when loading section [5, 2, 6]: (Unknown registry key in ResourceKey[minecraft:root / minecraft:worldgen/biome]: biomesoplenty:lavender_field -> using default)
[27Aug2026 23:34:29.233] [parseChunk/ERROR] [net.minecraft.world.level.chunk.storage.SerializableChunkData/]: Recoverable errors when loading section [5, 3, 6]: (Unknown registry key in ResourceKey[minecraft:root / minecraft:block]: biomesoplenty:lavender -> using default)
[27Aug2026 23:34:29.233] [parseChunk/ERROR] [net.minecraft.world.level.chunk.storage.SerializableChunkData/]: Recoverable errors when loading section [5, 3, 6]: (Unknown registry key in ResourceKey[minecraft:root / minecraft:worldgen/biome]: biomesoplenty:lavender_field -> using default)
[27Aug2026 23:34:29.233] [parseChunk/ERROR] [net.minecraft.world.level.chunk.storage.SerializableChunkData/]: Recoverable errors when loading section [5, -1, 3]: (Unknown registry key in ResourceKey[minecraft:root / minecraft:block]: biomesoplenty:webbing -> using default); (Unknown registry key in ResourceKey[minecraft:root / minecraft:block]: biomesoplenty:webbing -> using default); (Unknown registry key in ResourceKey[minecraft:root / minecraft:block]: biomesoplenty:webbing -> using default); (Unknown registry key in ResourceKey[minecraft:root / minecraft:block]: biomesoplenty:webbing -> using default); (Unknown registry key in ResourceKey[minecraft:root / minecraft:block]: biomesoplenty:stringy_cobweb -> using default); (Unknown registry key in ResourceKey[minecraft:root / minecraft:block]: biomesoplenty:hanging_cobweb_strand -> using default); (Unknown registry key in ResourceKey[minecraft:root / minecraft:block]: biomesoplenty:webbing -> using default); (Unknown registry key in ResourceKey[minecraft:root / minecraft:block]: biomesoplenty:webbing -> using default); (Unknown registry key in ResourceKey[minecraft:root / minecraft:block]: biomesoplenty:stringy_cobweb -> using default); (Unknown registry key in ResourceKey[minecraft:root / minecraft:block]: biomesoplenty:webbing -> using default); (Unknown registry key in ResourceKey[minecraft:root / minecraft:block]: biomesoplenty:stringy_cobweb -> using default); (Unknown registry key in ResourceKey[minecraft:root / minecraft:block]: biomesoplenty:stringy_cobweb -> using default); (Unknown registry key in ResourceKey[minecraft:root / minecraft:block]: biomesoplenty:hanging_cobweb -> using default); (Unknown registry key in ResourceKey[minecraft:root / minecraft:block]: biomesoplenty:stringy_cobweb -> using default); (Unknown registry key in ResourceKey[minecraft:root / minecraft:block]: biomesoplenty:spider_egg -> using default)
[27Aug2026 23:34:29.234] [parseChunk/ERROR] [net.minecraft.world.level.chunk.storage.SerializableChunkData/]: Recoverable errors when loading section [5, -1, 3]: (Unknown registry key in ResourceKey[minecraft:root / minecraft:worldgen/biome]: biomesoplenty:spider_nest -> using default)
[27Aug2026 23:34:29.235] [parseChunk/ERROR] [net.minecraft.world.level.chunk.storage.SerializableChunkData/]: Recoverable errors when loading section [5, 0, 3]: (Unknown registry key in ResourceKey[minecraft:root / minecraft:block]: biomesoplenty:stringy_cobweb -> using default); (Unknown registry key in ResourceKey[minecraft:root / minecraft:block]: biomesoplenty:stringy_cobweb -> using default); (Unknown registry key in ResourceKey[minecraft:root / minecraft:block]: biomesoplenty:spider_egg -> using default); (Unknown registry key in ResourceKey[minecraft:root / minecraft:block]: biomesoplenty:stringy_cobweb -> using default); (Unknown registry key in ResourceKey[minecraft:root / minecraft:block]: biomesoplenty:stringy_cobweb -> using default); (Unknown registry key in ResourceKey[minecraft:root / minecraft:block]: biomesoplenty:stringy_cobweb -> using default); (Unknown registry key in ResourceKey[minecraft:root / minecraft:block]: biomesoplenty:webbing -> using default); (Unknown registry key in ResourceKey[minecraft:root / minecraft:block]: biomesoplenty:webbing -> using default); (Unknown registry key in ResourceKey[minecraft:root / minecraft:block]: biomesoplenty:webbing -> using default); (Unknown registry key in ResourceKey[minecraft:root / minecraft:block]: biomesoplenty:webbing -> using default); (Unknown registry key in ResourceKey[minecraft:root / minecraft:block]: biomesoplenty:stringy_cobweb -> using default)
[27Aug2026 23:34:29.235] [parseChunk/ERROR] [net.minecraft.world.level.chunk.storage.SerializableChunkData/]: Recoverable errors when loading section [5, 0, 3]: (Unknown registry key in ResourceKey[minecraft:root / minecraft:worldgen/biome]: biomesoplenty:spider_nest -> using default)
[27Aug2026 23:34:29.235] [parseChunk/ERROR] [net.minecraft.world.level.chunk.storage.SerializableChunkData/]: Recoverable errors when loading section [5, 1, 3]: (Unknown registry key in ResourceKey[minecraft:root / minecraft:block]: biomesoplenty:stringy_cobweb -> using default); (Unknown registry key in ResourceKey[minecraft:root / minecraft:block]: biomesoplenty:stringy_cobweb -> using default); (Unknown registry key in ResourceKey[minecraft:root / minecraft:block]: biomesoplenty:stringy_cobweb -> using default)
[27Aug2026 23:34:29.235] [parseChunk/ERROR] [net.minecraft.world.level.chunk.storage.SerializableChunkData/]: Recoverable errors when loading section [5, 1, 3]: (Unknown registry key in ResourceKey[minecraft:root / minecraft:worldgen/biome]: biomesoplenty:lavender_field -> using default); (Unknown registry key in ResourceKey[minecraft:root / minecraft:worldgen/biome]: biomesoplenty:spider_nest -> using default)
[27Aug2026 23:34:29.235] [parseChunk/ERROR] [net.minecraft.world.level.chunk.storage.SerializableChunkData/]: Recoverable errors when loading section [5, 2, 3]: (Unknown registry key in ResourceKey[minecraft:root / minecraft:block]: biomesoplenty:stringy_cobweb -> using default); (Unknown registry key in ResourceKey[minecraft:root / minecraft:block]: biomesoplenty:stringy_cobweb -> using default)
[27Aug2026 23:34:29.235] [parseChunk/ERROR] [net.minecraft.world.level.chunk.storage.SerializableChunkData/]: Recoverable errors when loading section [5, 2, 3]: (Unknown registry key in ResourceKey[minecraft:root / minecraft:worldgen/biome]: biomesoplenty:lavender_field -> using default)
[27Aug2026 23:34:29.236] [parseChunk/ERROR] [net.minecraft.world.level.chunk.storage.SerializableChunkData/]: Recoverable errors when loading section [5, 3, 3]: (Unknown registry key in ResourceKey[minecraft:root / minecraft:block]: biomesoplenty:lavender -> using default)
[27Aug2026 23:34:29.236] [parseChunk/ERROR] [net.minecraft.world.level.chunk.storage.SerializableChunkData/]: Recoverable errors when loading section [5, 3, 3]: (Unknown registry key in ResourceKey[minecraft:root / minecraft:worldgen/biome]: biomesoplenty:lavender_field -> using default)
[27Aug2026 23:34:29.236] [parseChunk/ERROR] [net.minecraft.world.level.chunk.storage.SerializableChunkData/]: Recoverable errors when loading section [5, 4, 3]: (Unknown registry key in ResourceKey[minecraft:root / minecraft:block]: biomesoplenty:flowering_oak_leaves -> using default); (Unknown registry key in ResourceKey[minecraft:root / minecraft:block]: biomesoplenty:flowering_oak_leaves -> using default); (Unknown registry key in ResourceKey[minecraft:root / minecraft:block]: biomesoplenty:flowering_oak_leaves -> using default); (Unknown registry key in ResourceKey[minecraft:root / minecraft:block]: biomesoplenty:flowering_oak_leaves -> using default); (Unknown registry key in ResourceKey[minecraft:root / minecraft:block]: biomesoplenty:flowering_oak_leaves -> using default); (Unknown registry key in ResourceKey[minecraft:root / minecraft:block]: biomesoplenty:jacaranda_leaves -> using default); (Unknown registry key in ResourceKey[minecraft:root / minecraft:block]: biomesoplenty:jacaranda_leaves -> using default); (Unknown registry key in ResourceKey[minecraft:root / minecraft:block]: biomesoplenty:tall_lavender -> using default); (Unknown registry key in ResourceKey[minecraft:root / minecraft:block]: biomesoplenty:tall_lavender -> using default); (Unknown registry key in ResourceKey[minecraft:root / minecraft:block]: biomesoplenty:lavender -> using default)
[27Aug2026 23:34:29.236] [parseChunk/ERROR] [net.minecraft.world.level.chunk.storage.SerializableChunkData/]: Recoverable errors when loading section [5, 4, 3]: (Unknown registry key in ResourceKey[minecraft:root / minecraft:worldgen/biome]: biomesoplenty:lavender_field -> using default)
[27Aug2026 23:34:29.236] [parseChunk/ERROR] [net.minecraft.world.level.chunk.storage.SerializableChunkData/]: Recoverable errors when loading section [5, 5, 3]: (Unknown registry key in ResourceKey[minecraft:root / minecraft:worldgen/biome]: biomesoplenty:lavender_field -> using default)
[27Aug2026 23:34:29.236] [parseChunk/ERROR] [net.minecraft.world.level.chunk.storage.SerializableChunkData/]: Recoverable errors when loading section [5, 6, 3]: (Unknown registry key in ResourceKey[minecraft:root / minecraft:worldgen/biome]: biomesoplenty:lavender_field -> using default)
[27Aug2026 23:34:29.236] [parseChunk/ERROR] [net.minecraft.world.level.chunk.storage.SerializableChunkData/]: Recoverable errors when loading section [5, 7, 3]: (Unknown registry key in ResourceKey[minecraft:root / minecraft:worldgen/biome]: biomesoplenty:lavender_field -> using default)
[27Aug2026 23:34:29.236] [parseChunk/ERROR] [net.minecraft.world.level.chunk.storage.SerializableChunkData/]: Recoverable errors when loading section [5, 8, 3]: (Unknown registry key in ResourceKey[minecraft:root / minecraft:worldgen/biome]: biomesoplenty:lavender_field -> using default)
[27Aug2026 23:34:29.237] [parseChunk/ERROR] [net.minecraft.world.level.chunk.storage.SerializableChunkData/]: Recoverable errors when loading section [5, 9, 3]: (Unknown registry key in ResourceKey[minecraft:root / minecraft:worldgen/biome]: biomesoplenty:lavender_field -> using default)
[27Aug2026 23:34:29.237] [parseChunk/ERROR] [net.minecraft.world.level.chunk.storage.SerializableChunkData/]: Recoverable errors when loading section [5, 10, 3]: (Unknown registry key in ResourceKey[minecraft:root / minecraft:worldgen/biome]: biomesoplenty:lavender_field -> using default)
[27Aug2026 23:34:29.237] [parseChunk/ERROR] [net.minecraft.world.level.chunk.storage.SerializableChunkData/]: Recoverable errors when loading section [5, 11, 3]: (Unknown registry key in ResourceKey[minecraft:root / minecraft:worldgen/biome]: biomesoplenty:lavender_field -> using default)
[27Aug2026 23:34:29.237] [parseChunk/ERROR] [net.minecraft.world.level.chunk.storage.SerializableChunkData/]: Recoverable errors when loading section [5, 12, 3]: (Unknown registry key in ResourceKey[minecraft:root / minecraft:worldgen/biome]: biomesoplenty:lavender_field -> using default)
[27Aug2026 23:34:29.237] [parseChunk/ERROR] [net.minecraft.world.level.chunk.storage.SerializableChunkData/]: Recoverable errors when loading section [5, 13, 3]: (Unknown registry key in ResourceKey[minecraft:root / minecraft:worldgen/biome]: biomesoplenty:lavender_field -> using default)
[27Aug2026 23:34:29.237] [parseChunk/ERROR] [net.minecraft.world.level.chunk.storage.SerializableChunkData/]: Recoverable errors when loading section [5, 14, 3]: (Unknown registry key in ResourceKey[minecraft:root / minecraft:worldgen/biome]: biomesoplenty:lavender_field -> using default)
[27Aug2026 23:34:29.228] [parseChunk/ERROR] [net.minecraft.world.level.chunk.storage.SerializableChunkData/]: Recoverable errors when loading section [5, 7, 7]: (Unknown registry key in ResourceKey[minecraft:root / minecraft:worldgen/biome]: biomesoplenty:lavender_field -> using default)
[27Aug2026 23:34:29.237] [parseChunk/ERROR] [net.minecraft.world.level.chunk.storage.SerializableChunkData/]: Recoverable errors when loading section [5, 15, 3]: (Unknown registry key in ResourceKey[minecraft:root / minecraft:worldgen/biome]: biomesoplenty:lavender_field -> using default)
[27Aug2026 23:34:29.237] [parseChunk/ERROR] [net.minecraft.world.level.chunk.storage.SerializableChunkData/]: Recoverable errors when loading section [5, 8, 7]: (Unknown registry key in ResourceKey[minecraft:root / minecraft:worldgen/biome]: biomesoplenty:lavender_field -> using default)
[27Aug2026 23:34:29.237] [parseChunk/ERROR] [net.minecraft.world.level.chunk.storage.SerializableChunkData/]: Recoverable errors when loading section [5, 16, 3]: (Unknown registry key in ResourceKey[minecraft:root / minecraft:worldgen/biome]: biomesoplenty:lavender_field -> using default)
[27Aug2026 23:34:29.237] [parseChunk/ERROR] [net.minecraft.world.level.chunk.storage.SerializableChunkData/]: Recoverable errors when loading section [5, 9, 7]: (Unknown registry key in ResourceKey[minecraft:root / minecraft:worldgen/biome]: biomesoplenty:lavender_field -> using default)
[27Aug2026 23:34:29.237] [parseChunk/ERROR] [net.minecraft.world.level.chunk.storage.SerializableChunkData/]: Recoverable errors when loading section [5, 17, 3]: (Unknown registry key in ResourceKey[minecraft:root / minecraft:worldgen/biome]: biomesoplenty:lavender_field -> using default)
[27Aug2026 23:34:29.237] [parseChunk/ERROR] [net.minecraft.world.level.chunk.storage.SerializableChunkData/]: Recoverable errors when loading section [5, 10, 7]: (Unknown registry key in ResourceKey[minecraft:root / minecraft:worldgen/biome]: biomesoplenty:lavender_field -> using default)
[27Aug2026 23:34:29.237] [parseChunk/ERROR] [net.minecraft.world.level.chunk.storage.SerializableChunkData/]: Recoverable errors when loading section [5, 18, 3]: (Unknown registry key in ResourceKey[minecraft:root / minecraft:worldgen/biome]: biomesoplenty:lavender_field -> using default)
[27Aug2026 23:34:29.237] [parseChunk/ERROR] [net.minecraft.world.level.chunk.storage.SerializableChunkData/]: Recoverable errors when loading section [5, 11, 7]: (Unknown registry key in ResourceKey[minecraft:root / minecraft:worldgen/biome]: biomesoplenty:lavender_field -> using default)
[27Aug2026 23:34:29.238] [parseChunk/ERROR] [net.minecraft.world.level.chunk.storage.SerializableChunkData/]: Recoverable errors when loading section [5, 19, 3]: (Unknown registry key in ResourceKey[minecraft:root / minecraft:worldgen/biome]: biomesoplenty:lavender_field -> using default)
[27Aug2026 23:34:29.238] [parseChunk/ERROR] [net.minecraft.world.level.chunk.storage.SerializableChunkData/]: Recoverable errors when loading section [5, 12, 7]: (Unknown registry key in ResourceKey[minecraft:root / minecraft:worldgen/biome]: biomesoplenty:lavender_field -> using default)
[27Aug2026 23:34:29.238] [parseChunk/ERROR] [net.minecraft.world.level.chunk.storage.SerializableChunkData/]: Recoverable errors when loading section [5, 13, 7]: (Unknown registry key in ResourceKey[minecraft:root / minecraft:worldgen/biome]: biomesoplenty:lavender_field -> using default)
[27Aug2026 23:34:29.238] [parseChunk/ERROR] [net.minecraft.world.level.chunk.storage.SerializableChunkData/]: Recoverable errors when loading section [5, 14, 7]: (Unknown registry key in ResourceKey[minecraft:root / minecraft:worldgen/biome]: biomesoplenty:lavender_field -> using default)
[27Aug2026 23:34:29.238] [parseChunk/ERROR] [net.minecraft.world.level.chunk.storage.SerializableChunkData/]: Recoverable errors when loading section [5, 15, 7]: (Unknown registry key in ResourceKey[minecraft:root / minecraft:worldgen/biome]: biomesoplenty:lavender_field -> using default)
[27Aug2026 23:34:29.238] [parseChunk/ERROR] [net.minecraft.world.level.chunk.storage.SerializableChunkData/]: Recoverable errors when loading section [5, 16, 7]: (Unknown registry key in ResourceKey[minecraft:root / minecraft:worldgen/biome]: biomesoplenty:lavender_field -> using default)
[27Aug2026 23:34:29.238] [parseChunk/ERROR] [net.minecraft.world.level.chunk.storage.SerializableChunkData/]: Recoverable errors when loading section [5, 17, 7]: (Unknown registry key in ResourceKey[minecraft:root / minecraft:worldgen/biome]: biomesoplenty:lavender_field -> using default)
[27Aug2026 23:34:29.238] [parseChunk/ERROR] [net.minecraft.world.level.chunk.storage.SerializableChunkData/]: Recoverable errors when loading section [5, 18, 7]: (Unknown registry key in ResourceKey[minecraft:root / minecraft:worldgen/biome]: biomesoplenty:lavender_field -> using default)
[27Aug2026 23:34:29.238] [parseChunk/ERROR] [net.minecraft.world.level.chunk.storage.SerializableChunkData/]: Recoverable errors when loading section [5, 19, 7]: (Unknown registry key in ResourceKey[minecraft:root / minecraft:worldgen/biome]: biomesoplenty:lavender_field -> using default)
[27Aug2026 23:34:29.228] [parseChunk/ERROR] [net.minecraft.world.level.chunk.storage.SerializableChunkData/]: Recoverable errors when loading section [5, 5, 2]: (Unknown registry key in ResourceKey[minecraft:root / minecraft:worldgen/biome]: biomesoplenty:lavender_field -> using default)
[27Aug2026 23:34:29.231] [parseChunk/ERROR] [net.minecraft.world.level.chunk.storage.SerializableChunkData/]: Recoverable errors when loading section [5, -1, 4]: (Unknown registry key in ResourceKey[minecraft:root / minecraft:block]: biomesoplenty:stringy_cobweb -> using default); (Unknown registry key in ResourceKey[minecraft:root / minecraft:block]: biomesoplenty:webbing -> using default); (Unknown registry key in ResourceKey[minecraft:root / minecraft:block]: biomesoplenty:webbing -> using default); (Unknown registry key in ResourceKey[minecraft:root / minecraft:block]: biomesoplenty:webbing -> using default); (Unknown registry key in ResourceKey[minecraft:root / minecraft:block]: biomesoplenty:webbing -> using default); (Unknown registry key in ResourceKey[minecraft:root / minecraft:block]: biomesoplenty:webbing -> using default); (Unknown registry key in ResourceKey[minecraft:root / minecraft:block]: biomesoplenty:webbing -> using default); (Unknown registry key in ResourceKey[minecraft:root / minecraft:block]: biomesoplenty:hanging_cobweb_strand -> using default); (Unknown registry key in ResourceKey[minecraft:root / minecraft:block]: biomesoplenty:webbing -> using default); (Unknown registry key in ResourceKey[minecraft:root / minecraft:block]: biomesoplenty:hanging_cobweb -> using default); (Unknown registry key in ResourceKey[minecraft:root / minecraft:block]: biomesoplenty:webbing -> using default); (Unknown registry key in ResourceKey[minecraft:root / minecraft:block]: biomesoplenty:stringy_cobweb -> using default); (Unknown registry key in ResourceKey[minecraft:root / minecraft:block]: biomesoplenty:stringy_cobweb -> using default); (Unknown registry key in ResourceKey[minecraft:root / minecraft:block]: biomesoplenty:webbing -> using default); (Unknown registry key in ResourceKey[minecraft:root / minecraft:block]: biomesoplenty:webbing -> using default); (Unknown registry key in ResourceKey[minecraft:root / minecraft:block]: biomesoplenty:webbing -> using default)
[27Aug2026 23:34:29.239] [parseChunk/ERROR] [net.minecraft.world.level.chunk.storage.SerializableChunkData/]: Recoverable errors when loading section [5, 6, 2]: (Unknown registry key in ResourceKey[minecraft:root / minecraft:worldgen/biome]: biomesoplenty:lavender_field -> using default)
[27Aug2026 23:34:29.239] [parseChunk/ERROR] [net.minecraft.world.level.chunk.storage.SerializableChunkData/]: Recoverable errors when loading section [5, -1, 4]: (Unknown registry key in ResourceKey[minecraft:root / minecraft:worldgen/biome]: biomesoplenty:spider_nest -> using default)
[27Aug2026 23:34:29.239] [parseChunk/ERROR] [net.minecraft.world.level.chunk.storage.SerializableChunkData/]: Recoverable errors when loading section [5, 7, 2]: (Unknown registry key in ResourceKey[minecraft:root / minecraft:worldgen/biome]: biomesoplenty:lavender_field -> using default)
[27Aug2026 23:34:29.239] [parseChunk/ERROR] [net.minecraft.world.level.chunk.storage.SerializableChunkData/]: Recoverable errors when loading section [5, 8, 2]: (Unknown registry key in ResourceKey[minecraft:root / minecraft:worldgen/biome]: biomesoplenty:lavender_field -> using default)
[27Aug2026 23:34:29.239] [parseChunk/ERROR] [net.minecraft.world.level.chunk.storage.SerializableChunkData/]: Recoverable errors when loading section [5, 0, 4]: (Unknown registry key in ResourceKey[minecraft:root / minecraft:block]: biomesoplenty:stringy_cobweb -> using default); (Unknown registry key in ResourceKey[minecraft:root / minecraft:block]: biomesoplenty:webbing -> using default); (Unknown registry key in ResourceKey[minecraft:root / minecraft:block]: biomesoplenty:stringy_cobweb -> using default)
[27Aug2026 23:34:29.240] [parseChunk/ERROR] [net.minecraft.world.level.chunk.storage.SerializableChunkData/]: Recoverable errors when loading section [5, 9, 2]: (Unknown registry key in ResourceKey[minecraft:root / minecraft:worldgen/biome]: biomesoplenty:lavender_field -> using default)
[27Aug2026 23:34:29.232] [parseChunk/ERROR] [net.minecraft.world.level.chunk.storage.SerializableChunkData/]: Recoverable errors when loading section [5, 16, 1]: (Unknown registry key in ResourceKey[minecraft:root / minecraft:worldgen/biome]: biomesoplenty:lavender_field -> using default)
[27Aug2026 23:34:29.240] [parseChunk/ERROR] [net.minecraft.world.level.chunk.storage.SerializableChunkData/]: Recoverable errors when loading section [5, 0, 4]: (Unknown registry key in ResourceKey[minecraft:root / minecraft:worldgen/biome]: biomesoplenty:spider_nest -> using default)
[27Aug2026 23:34:29.240] [parseChunk/ERROR] [net.minecraft.world.level.chunk.storage.SerializableChunkData/]: Recoverable errors when loading section [5, 17, 1]: (Unknown registry key in ResourceKey[minecraft:root / minecraft:worldgen/biome]: biomesoplenty:lavender_field -> using default)
[27Aug2026 23:34:29.240] [parseChunk/ERROR] [net.minecraft.world.level.chunk.storage.SerializableChunkData/]: Recoverable errors when loading section [5, 1, 4]: (Unknown registry key in ResourceKey[minecraft:root / minecraft:block]: biomesoplenty:stringy_cobweb -> using default); (Unknown registry key in ResourceKey[minecraft:root / minecraft:block]: biomesoplenty:stringy_cobweb -> using default); (Unknown registry key in ResourceKey[minecraft:root / minecraft:block]: biomesoplenty:stringy_cobweb -> using default)
[27Aug2026 23:34:29.240] [parseChunk/ERROR] [net.minecraft.world.level.chunk.storage.SerializableChunkData/]: Recoverable errors when loading section [5, 18, 1]: (Unknown registry key in ResourceKey[minecraft:root / minecraft:worldgen/biome]: biomesoplenty:lavender_field -> using default)
[27Aug2026 23:34:29.240] [parseChunk/ERROR] [net.minecraft.world.level.chunk.storage.SerializableChunkData/]: Recoverable errors when loading section [5, 10, 2]: (Unknown registry key in ResourceKey[minecraft:root / minecraft:worldgen/biome]: biomesoplenty:lavender_field -> using default)
[27Aug2026 23:34:29.240] [parseChunk/ERROR] [net.minecraft.world.level.chunk.storage.SerializableChunkData/]: Recoverable errors when loading section [5, 1, 4]: (Unknown registry key in ResourceKey[minecraft:root / minecraft:worldgen/biome]: biomesoplenty:lavender_field -> using default); (Unknown registry key in ResourceKey[minecraft:root / minecraft:worldgen/biome]: biomesoplenty:spider_nest -> using default)
[27Aug2026 23:34:29.240] [parseChunk/ERROR] [net.minecraft.world.level.chunk.storage.SerializableChunkData/]: Recoverable errors when loading section [5, 11, 2]: (Unknown registry key in ResourceKey[minecraft:root / minecraft:worldgen/biome]: biomesoplenty:lavender_field -> using default)
[27Aug2026 23:34:29.240] [parseChunk/ERROR] [net.minecraft.world.level.chunk.storage.SerializableChunkData/]: Recoverable errors when loading section [5, 12, 2]: (Unknown registry key in ResourceKey[minecraft:root / minecraft:worldgen/biome]: biomesoplenty:lavender_field -> using default)
[27Aug2026 23:34:29.240] [parseChunk/ERROR] [net.minecraft.world.level.chunk.storage.SerializableChunkData/]: Recoverable errors when loading section [5, 2, 4]: (Unknown registry key in ResourceKey[minecraft:root / minecraft:block]: biomesoplenty:stringy_cobweb -> using default); (Unknown registry key in ResourceKey[minecraft:root / minecraft:block]: biomesoplenty:stringy_cobweb -> using default); (Unknown registry key in ResourceKey[minecraft:root / minecraft:block]: biomesoplenty:stringy_cobweb -> using default); (Unknown registry key in ResourceKey[minecraft:root / minecraft:block]: biomesoplenty:stringy_cobweb -> using default); (Unknown registry key in ResourceKey[minecraft:root / minecraft:block]: biomesoplenty:stringy_cobweb -> using default); (Unknown registry key in ResourceKey[minecraft:root / minecraft:block]: biomesoplenty:stringy_cobweb -> using default)
[27Aug2026 23:34:29.240] [parseChunk/ERROR] [net.minecraft.world.level.chunk.storage.SerializableChunkData/]: Recoverable errors when loading section [5, 13, 2]: (Unknown registry key in ResourceKey[minecraft:root / minecraft:worldgen/biome]: biomesoplenty:lavender_field -> using default)
[27Aug2026 23:34:29.240] [parseChunk/ERROR] [net.minecraft.world.level.chunk.storage.SerializableChunkData/]: Recoverable errors when loading section [5, 2, 4]: (Unknown registry key in ResourceKey[minecraft:root / minecraft:worldgen/biome]: biomesoplenty:lavender_field -> using default)
[27Aug2026 23:34:29.234] [parseChunk/ERROR] [net.minecraft.world.level.chunk.storage.SerializableChunkData/]: Recoverable errors when loading section [5, 4, 6]: (Unknown registry key in ResourceKey[minecraft:root / minecraft:block]: biomesoplenty:tall_lavender -> using default); (Unknown registry key in ResourceKey[minecraft:root / minecraft:block]: biomesoplenty:sprout -> using default); (Unknown registry key in ResourceKey[minecraft:root / minecraft:block]: biomesoplenty:tall_lavender -> using default); (Unknown registry key in ResourceKey[minecraft:root / minecraft:block]: biomesoplenty:jacaranda_log -> using default); (Unknown registry key in ResourceKey[minecraft:root / minecraft:block]: biomesoplenty:lavender -> using default)
[27Aug2026 23:34:29.240] [parseChunk/ERROR] [net.minecraft.world.level.chunk.storage.SerializableChunkData/]: Recoverable errors when loading section [5, 14, 2]: (Unknown registry key in ResourceKey[minecraft:root / minecraft:worldgen/biome]: biomesoplenty:lavender_field -> using default)
[27Aug2026 23:34:29.240] [parseChunk/ERROR] [net.minecraft.world.level.chunk.storage.SerializableChunkData/]: Recoverable errors when loading section [5, 4, 6]: (Unknown registry key in ResourceKey[minecraft:root / minecraft:worldgen/biome]: biomesoplenty:lavender_field -> using default)
[27Aug2026 23:34:29.240] [parseChunk/ERROR] [net.minecraft.world.level.chunk.storage.SerializableChunkData/]: Recoverable errors when loading section [5, 3, 4]: (Unknown registry key in ResourceKey[minecraft:root / minecraft:block]: biomesoplenty:lavender -> using default)
[27Aug2026 23:34:29.241] [parseChunk/ERROR] [net.minecraft.world.level.chunk.storage.SerializableChunkData/]: Recoverable errors when loading section [5, 3, 4]: (Unknown registry key in ResourceKey[minecraft:root / minecraft:worldgen/biome]: biomesoplenty:lavender_field -> using default)
[27Aug2026 23:34:29.242] [parseChunk/ERROR] [net.minecraft.world.level.chunk.storage.SerializableChunkData/]: Recoverable errors when loading section [5, 4, 4]: (Unknown registry key in ResourceKey[minecraft:root / minecraft:block]: biomesoplenty:jacaranda_leaves -> using default); (Unknown registry key in ResourceKey[minecraft:root / minecraft:block]: biomesoplenty:jacaranda_leaves -> using default); (Unknown registry key in ResourceKey[minecraft:root / minecraft:block]: biomesoplenty:jacaranda_leaves -> using default); (Unknown registry key in ResourceKey[minecraft:root / minecraft:block]: biomesoplenty:jacaranda_leaves -> using default); (Unknown registry key in ResourceKey[minecraft:root / minecraft:block]: biomesoplenty:jacaranda_leaves -> using default); (Unknown registry key in ResourceKey[minecraft:root / minecraft:block]: biomesoplenty:lavender -> using default)
[27Aug2026 23:34:29.242] [parseChunk/ERROR] [net.minecraft.world.level.chunk.storage.SerializableChunkData/]: Recoverable errors when loading section [5, 4, 4]: (Unknown registry key in ResourceKey[minecraft:root / minecraft:worldgen/biome]: biomesoplenty:lavender_field -> using default)
[27Aug2026 23:34:29.240] [parseChunk/ERROR] [net.minecraft.world.level.chunk.storage.SerializableChunkData/]: Recoverable errors when loading section [5, 19, 1]: (Unknown registry key in ResourceKey[minecraft:root / minecraft:worldgen/biome]: biomesoplenty:lavender_field -> using default)
[27Aug2026 23:34:29.242] [parseChunk/ERROR] [net.minecraft.world.level.chunk.storage.SerializableChunkData/]: Recoverable errors when loading section [5, 5, 4]: (Unknown registry key in ResourceKey[minecraft:root / minecraft:worldgen/biome]: biomesoplenty:lavender_field -> using default)
[27Aug2026 23:34:29.242] [parseChunk/ERROR] [net.minecraft.world.level.chunk.storage.SerializableChunkData/]: Recoverable errors when loading section [5, 6, 4]: (Unknown registry key in ResourceKey[minecraft:root / minecraft:worldgen/biome]: biomesoplenty:lavender_field -> using default)
[27Aug2026 23:34:29.242] [parseChunk/ERROR] [net.minecraft.world.level.chunk.storage.SerializableChunkData/]: Recoverable errors when loading section [5, 7, 4]: (Unknown registry key in ResourceKey[minecraft:root / minecraft:worldgen/biome]: biomesoplenty:lavender_field -> using default)
[27Aug2026 23:34:29.241] [parseChunk/ERROR] [net.minecraft.world.level.chunk.storage.SerializableChunkData/]: Recoverable errors when loading section [5, 15, 2]: (Unknown registry key in ResourceKey[minecraft:root / minecraft:worldgen/biome]: biomesoplenty:lavender_field -> using default)
[27Aug2026 23:34:29.242] [parseChunk/ERROR] [net.minecraft.world.level.chunk.storage.SerializableChunkData/]: Recoverable errors when loading section [5, 8, 4]: (Unknown registry key in ResourceKey[minecraft:root / minecraft:worldgen/biome]: biomesoplenty:lavender_field -> using default)
[27Aug2026 23:34:29.242] [parseChunk/ERROR] [net.minecraft.world.level.chunk.storage.SerializableChunkData/]: Recoverable errors when loading section [5, 9, 4]: (Unknown registry key in ResourceKey[minecraft:root / minecraft:worldgen/biome]: biomesoplenty:lavender_field -> using default)
[27Aug2026 23:34:29.242] [parseChunk/ERROR] [net.minecraft.world.level.chunk.storage.SerializableChunkData/]: Recoverable errors when loading section [5, 16, 2]: (Unknown registry key in ResourceKey[minecraft:root / minecraft:worldgen/biome]: biomesoplenty:lavender_field -> using default)
[27Aug2026 23:34:29.242] [parseChunk/ERROR] [net.minecraft.world.level.chunk.storage.SerializableChunkData/]: Recoverable errors when loading section [5, 10, 4]: (Unknown registry key in ResourceKey[minecraft:root / minecraft:worldgen/biome]: biomesoplenty:lavender_field -> using default)
[27Aug2026 23:34:29.242] [parseChunk/ERROR] [net.minecraft.world.level.chunk.storage.SerializableChunkData/]: Recoverable errors when loading section [5, 17, 2]: (Unknown registry key in ResourceKey[minecraft:root / minecraft:worldgen/biome]: biomesoplenty:lavender_field -> using default)
[27Aug2026 23:34:29.242] [parseChunk/ERROR] [net.minecraft.world.level.chunk.storage.SerializableChunkData/]: Recoverable errors when loading section [5, 11, 4]: (Unknown registry key in ResourceKey[minecraft:root / minecraft:worldgen/biome]: biomesoplenty:lavender_field -> using default)
[27Aug2026 23:34:29.242] [parseChunk/ERROR] [net.minecraft.world.level.chunk.storage.SerializableChunkData/]: Recoverable errors when loading section [5, 18, 2]: (Unknown registry key in ResourceKey[minecraft:root / minecraft:worldgen/biome]: biomesoplenty:lavender_field -> using default)
[27Aug2026 23:34:29.242] [parseChunk/ERROR] [net.minecraft.world.level.chunk.storage.SerializableChunkData/]: Recoverable errors when loading section [5, 12, 4]: (Unknown registry key in ResourceKey[minecraft:root / minecraft:worldgen/biome]: biomesoplenty:lavender_field -> using default)
[27Aug2026 23:34:29.242] [parseChunk/ERROR] [net.minecraft.world.level.chunk.storage.SerializableChunkData/]: Recoverable errors when loading section [5, 13, 4]: (Unknown registry key in ResourceKey[minecraft:root / minecraft:worldgen/biome]: biomesoplenty:lavender_field -> using default)
[27Aug2026 23:34:29.242] [parseChunk/ERROR] [net.minecraft.world.level.chunk.storage.SerializableChunkData/]: Recoverable errors when loading section [5, 19, 2]: (Unknown registry key in ResourceKey[minecraft:root / minecraft:worldgen/biome]: biomesoplenty:lavender_field -> using default)
[27Aug2026 23:34:29.243] [parseChunk/ERROR] [net.minecraft.world.level.chunk.storage.SerializableChunkData/]: Recoverable errors when loading section [5, 14, 4]: (Unknown registry key in ResourceKey[minecraft:root / minecraft:worldgen/biome]: biomesoplenty:lavender_field -> using default)
[27Aug2026 23:34:29.243] [parseChunk/ERROR] [net.minecraft.world.level.chunk.storage.SerializableChunkData/]: Recoverable errors when loading section [5, 15, 4]: (Unknown registry key in ResourceKey[minecraft:root / minecraft:worldgen/biome]: biomesoplenty:lavender_field -> using default)
[27Aug2026 23:34:29.243] [parseChunk/ERROR] [net.minecraft.world.level.chunk.storage.SerializableChunkData/]: Recoverable errors when loading section [5, 16, 4]: (Unknown registry key in ResourceKey[minecraft:root / minecraft:worldgen/biome]: biomesoplenty:lavender_field -> using default)
[27Aug2026 23:34:29.243] [parseChunk/ERROR] [net.minecraft.world.level.chunk.storage.SerializableChunkData/]: Recoverable errors when loading section [5, 17, 4]: (Unknown registry key in ResourceKey[minecraft:root / minecraft:worldgen/biome]: biomesoplenty:lavender_field -> using default)
[27Aug2026 23:34:29.243] [parseChunk/ERROR] [net.minecraft.world.level.chunk.storage.SerializableChunkData/]: Recoverable errors when loading section [5, 18, 4]: (Unknown registry key in ResourceKey[minecraft:root / minecraft:worldgen/biome]: biomesoplenty:lavender_field -> using default)
[27Aug2026 23:34:29.243] [parseChunk/ERROR] [net.minecraft.world.level.chunk.storage.SerializableChunkData/]: Recoverable errors when loading section [5, 19, 4]: (Unknown registry key in ResourceKey[minecraft:root / minecraft:worldgen/biome]: biomesoplenty:lavender_field -> using default)
[27Aug2026 23:34:29.246] [parseChunk/ERROR] [net.minecraft.world.level.chunk.storage.SerializableChunkData/]: Recoverable errors when loading section [5, 5, 6]: (Unknown registry key in ResourceKey[minecraft:root / minecraft:worldgen/biome]: biomesoplenty:lavender_field -> using default)
[27Aug2026 23:34:29.248] [parseChunk/ERROR] [net.minecraft.world.level.chunk.storage.SerializableChunkData/]: Recoverable errors when loading section [5, 6, 6]: (Unknown registry key in ResourceKey[minecraft:root / minecraft:worldgen/biome]: biomesoplenty:lavender_field -> using default)
[27Aug2026 23:34:29.248] [parseChunk/ERROR] [net.minecraft.world.level.chunk.storage.SerializableChunkData/]: Recoverable errors when loading section [5, 7, 6]: (Unknown registry key in ResourceKey[minecraft:root / minecraft:worldgen/biome]: biomesoplenty:lavender_field -> using default)
[27Aug2026 23:34:29.249] [parseChunk/ERROR] [net.minecraft.world.level.chunk.storage.SerializableChunkData/]: Recoverable errors when loading section [5, 8, 6]: (Unknown registry key in ResourceKey[minecraft:root / minecraft:worldgen/biome]: biomesoplenty:lavender_field -> using default)
[27Aug2026 23:34:29.249] [parseChunk/ERROR] [net.minecraft.world.level.chunk.storage.SerializableChunkData/]: Recoverable errors when loading section [5, 9, 6]: (Unknown registry key in ResourceKey[minecraft:root / minecraft:worldgen/biome]: biomesoplenty:lavender_field -> using default)
[27Aug2026 23:34:29.249] [parseChunk/ERROR] [net.minecraft.world.level.chunk.storage.SerializableChunkData/]: Recoverable errors when loading section [5, 10, 6]: (Unknown registry key in ResourceKey[minecraft:root / minecraft:worldgen/biome]: biomesoplenty:lavender_field -> using default)
[27Aug2026 23:34:29.249] [parseChunk/ERROR] [net.minecraft.world.level.chunk.storage.SerializableChunkData/]: Recoverable errors when loading section [5, 11, 6]: (Unknown registry key in ResourceKey[minecraft:root / minecraft:worldgen/biome]: biomesoplenty:lavender_field -> using default)
[27Aug2026 23:34:29.249] [parseChunk/ERROR] [net.minecraft.world.level.chunk.storage.SerializableChunkData/]: Recoverable errors when loading section [5, 12, 6]: (Unknown registry key in ResourceKey[minecraft:root / minecraft:worldgen/biome]: biomesoplenty:lavender_field -> using default)
[27Aug2026 23:34:29.249] [parseChunk/ERROR] [net.minecraft.world.level.chunk.storage.SerializableChunkData/]: Recoverable errors when loading section [5, 13, 6]: (Unknown registry key in ResourceKey[minecraft:root / minecraft:worldgen/biome]: biomesoplenty:lavender_field -> using default)
[27Aug2026 23:34:29.249] [parseChunk/ERROR] [net.minecraft.world.level.chunk.storage.SerializableChunkData/]: Recoverable errors when loading section [5, 14, 6]: (Unknown registry key in ResourceKey[minecraft:root / minecraft:worldgen/biome]: biomesoplenty:lavender_field -> using default)
[27Aug2026 23:34:29.249] [parseChunk/ERROR] [net.minecraft.world.level.chunk.storage.SerializableChunkData/]: Recoverable errors when loading section [5, 15, 6]: (Unknown registry key in ResourceKey[minecraft:root / minecraft:worldgen/biome]: biomesoplenty:lavender_field -> using default)
[27Aug2026 23:34:29.249] [parseChunk/ERROR] [net.minecraft.world.level.chunk.storage.SerializableChunkData/]: Recoverable errors when loading section [5, 16, 6]: (Unknown registry key in ResourceKey[minecraft:root / minecraft:worldgen/biome]: biomesoplenty:lavender_field -> using default)
[27Aug2026 23:34:29.250] [parseChunk/ERROR] [net.minecraft.world.level.chunk.storage.SerializableChunkData/]: Recoverable errors when loading section [5, 17, 6]: (Unknown registry key in ResourceKey[minecraft:root / minecraft:worldgen/biome]: biomesoplenty:lavender_field -> using default)
[27Aug2026 23:34:29.250] [parseChunk/ERROR] [net.minecraft.world.level.chunk.storage.SerializableChunkData/]: Recoverable errors when loading section [5, 18, 6]: (Unknown registry key in ResourceKey[minecraft:root / minecraft:worldgen/biome]: biomesoplenty:lavender_field -> using default)
[27Aug2026 23:34:29.250] [parseChunk/ERROR] [net.minecraft.world.level.chunk.storage.SerializableChunkData/]: Recoverable errors when loading section [5, 19, 6]: (Unknown registry key in ResourceKey[minecraft:root / minecraft:worldgen/biome]: biomesoplenty:lavender_field -> using default)
[27Aug2026 23:34:29.286] [parseChunk/ERROR] [net.minecraft.nbt.CompoundTag/]: Failed to read field (block_ticks=[{i:"minecraft:oak_leaves",p:0,t:0,x:80,y:69,z:3}, {i:"biomesoplenty:flowering_oak_leaves",p:0,t:0,x:80,y:69,z:5}, {i:"minecraft:oak_leaves",p:0,t:0,x:80,y:70,z:2}, {i:"minecraft:oak_leaves",p:0,t:0,x:80,y:70,z:6}, {i:"minecraft:oak_leaves",p:0,t:0,x:80,y:70,z:3}, {i:"minecraft:oak_leaves",p:0,t:0,x:80,y:69,z:4}, {i:"biomesoplenty:flowering_oak_leaves",p:0,t:0,x:80,y:70,z:4}, {i:"minecraft:oak_leaves",p:0,t:0,x:80,y:70,z:5}]): Unknown registry key in ResourceKey[minecraft:root / minecraft:block]: biomesoplenty:flowering_oak_leaves; Unknown registry key in ResourceKey[minecraft:root / minecraft:block]: biomesoplenty:flowering_oak_leaves
[27Aug2026 23:34:29.287] [parseChunk/ERROR] [net.minecraft.world.level.chunk.storage.SerializableChunkData/]: Recoverable errors when loading section [5, -4, 0]: (Unknown registry key in ResourceKey[minecraft:root / minecraft:worldgen/biome]: biomesoplenty:lavender_field -> using default)
[27Aug2026 23:34:29.288] [parseChunk/ERROR] [net.minecraft.world.level.chunk.storage.SerializableChunkData/]: Recoverable errors when loading section [5, -3, 0]: (Unknown registry key in ResourceKey[minecraft:root / minecraft:worldgen/biome]: biomesoplenty:lavender_field -> using default)
[27Aug2026 23:34:29.288] [parseChunk/ERROR] [net.minecraft.world.level.chunk.storage.SerializableChunkData/]: Recoverable errors when loading section [5, -2, 0]: (Unknown registry key in ResourceKey[minecraft:root / minecraft:worldgen/biome]: biomesoplenty:lavender_field -> using default)
[27Aug2026 23:34:29.288] [parseChunk/ERROR] [net.minecraft.world.level.chunk.storage.SerializableChunkData/]: Recoverable errors when loading section [5, -1, 0]: (Unknown registry key in ResourceKey[minecraft:root / minecraft:worldgen/biome]: biomesoplenty:spider_nest -> using default); (Unknown registry key in ResourceKey[minecraft:root / minecraft:worldgen/biome]: biomesoplenty:lavender_field -> using default)
[27Aug2026 23:34:29.289] [parseChunk/ERROR] [net.minecraft.world.level.chunk.storage.SerializableChunkData/]: Recoverable errors when loading section [5, 0, 0]: (Unknown registry key in ResourceKey[minecraft:root / minecraft:block]: biomesoplenty:stringy_cobweb -> using default); (Unknown registry key in ResourceKey[minecraft:root / minecraft:block]: biomesoplenty:hanging_cobweb_strand -> using default); (Unknown registry key in ResourceKey[minecraft:root / minecraft:block]: biomesoplenty:hanging_cobweb -> using default); (Unknown registry key in ResourceKey[minecraft:root / minecraft:block]: biomesoplenty:stringy_cobweb -> using default); (Unknown registry key in ResourceKey[minecraft:root / minecraft:block]: biomesoplenty:stringy_cobweb -> using default)
[27Aug2026 23:34:29.289] [parseChunk/ERROR] [net.minecraft.world.level.chunk.storage.SerializableChunkData/]: Recoverable errors when loading section [5, 0, 0]: (Unknown registry key in ResourceKey[minecraft:root / minecraft:worldgen/biome]: biomesoplenty:lavender_field -> using default); (Unknown registry key in ResourceKey[minecraft:root / minecraft:worldgen/biome]: biomesoplenty:spider_nest -> using default)
[27Aug2026 23:34:29.289] [parseChunk/ERROR] [net.minecraft.world.level.chunk.storage.SerializableChunkData/]: Recoverable errors when loading section [5, -4, -6]: (Unknown registry key in ResourceKey[minecraft:root / minecraft:worldgen/biome]: biomesoplenty:pasture -> using default)
[27Aug2026 23:34:29.289] [parseChunk/ERROR] [net.minecraft.world.level.chunk.storage.SerializableChunkData/]: Recoverable errors when loading section [5, 1, 0]: (Unknown registry key in ResourceKey[minecraft:root / minecraft:worldgen/biome]: biomesoplenty:lavender_field -> using default)
[27Aug2026 23:34:29.289] [parseChunk/ERROR] [net.minecraft.world.level.chunk.storage.SerializableChunkData/]: Recoverable errors when loading section [5, 2, 0]: (Unknown registry key in ResourceKey[minecraft:root / minecraft:worldgen/biome]: biomesoplenty:lavender_field -> using default)
[27Aug2026 23:34:29.289] [parseChunk/ERROR] [net.minecraft.world.level.chunk.storage.SerializableChunkData/]: Recoverable errors when loading section [5, 3, 0]: (Unknown registry key in ResourceKey[minecraft:root / minecraft:block]: biomesoplenty:lavender -> using default)
[27Aug2026 23:34:29.289] [parseChunk/ERROR] [net.minecraft.world.level.chunk.storage.SerializableChunkData/]: Recoverable errors when loading section [5, 3, 0]: (Unknown registry key in ResourceKey[minecraft:root / minecraft:worldgen/biome]: biomesoplenty:lavender_field -> using default)
[27Aug2026 23:34:29.289] [parseChunk/ERROR] [net.minecraft.world.level.chunk.storage.SerializableChunkData/]: Recoverable errors when loading section [5, 4, 0]: (Unknown registry key in ResourceKey[minecraft:root / minecraft:block]: biomesoplenty:flowering_oak_leaves -> using default); (Unknown registry key in ResourceKey[minecraft:root / minecraft:block]: biomesoplenty:flowering_oak_leaves -> using default); (Unknown registry key in ResourceKey[minecraft:root / minecraft:block]: biomesoplenty:tall_lavender -> using default); (Unknown registry key in ResourceKey[minecraft:root / minecraft:block]: biomesoplenty:tall_lavender -> using default); (Unknown registry key in ResourceKey[minecraft:root / minecraft:block]: biomesoplenty:lavender -> using default)
[27Aug2026 23:34:29.292] [parseChunk/ERROR] [net.minecraft.world.level.chunk.storage.SerializableChunkData/]: Recoverable errors when loading section [5, 4, 0]: (Unknown registry key in ResourceKey[minecraft:root / minecraft:worldgen/biome]: biomesoplenty:lavender_field -> using default)
[27Aug2026 23:34:29.292] [parseChunk/ERROR] [net.minecraft.world.level.chunk.storage.SerializableChunkData/]: Recoverable errors when loading section [5, 5, 0]: (Unknown registry key in ResourceKey[minecraft:root / minecraft:worldgen/biome]: biomesoplenty:lavender_field -> using default)
[27Aug2026 23:34:29.292] [parseChunk/ERROR] [net.minecraft.world.level.chunk.storage.SerializableChunkData/]: Recoverable errors when loading section [5, 6, 0]: (Unknown registry key in ResourceKey[minecraft:root / minecraft:worldgen/biome]: biomesoplenty:lavender_field -> using default)
[27Aug2026 23:34:29.292] [parseChunk/ERROR] [net.minecraft.world.level.chunk.storage.SerializableChunkData/]: Recoverable errors when loading section [5, 7, 0]: (Unknown registry key in ResourceKey[minecraft:root / minecraft:worldgen/biome]: biomesoplenty:lavender_field -> using default)
[27Aug2026 23:34:29.292] [parseChunk/ERROR] [net.minecraft.world.level.chunk.storage.SerializableChunkData/]: Recoverable errors when loading section [5, 8, 0]: (Unknown registry key in ResourceKey[minecraft:root / minecraft:worldgen/biome]: biomesoplenty:lavender_field -> using default)
[27Aug2026 23:34:29.292] [parseChunk/ERROR] [net.minecraft.world.level.chunk.storage.SerializableChunkData/]: Recoverable errors when loading section [5, 9, 0]: (Unknown registry key in ResourceKey[minecraft:root / minecraft:worldgen/biome]: biomesoplenty:lavender_field -> using default)
[27Aug2026 23:34:29.293] [parseChunk/ERROR] [net.minecraft.world.level.chunk.storage.SerializableChunkData/]: Recoverable errors when loading section [5, 10, 0]: (Unknown registry key in ResourceKey[minecraft:root / minecraft:worldgen/biome]: biomesoplenty:lavender_field -> using default)
[27Aug2026 23:34:29.293] [parseChunk/ERROR] [net.minecraft.world.level.chunk.storage.SerializableChunkData/]: Recoverable errors when loading section [5, 11, 0]: (Unknown registry key in ResourceKey[minecraft:root / minecraft:worldgen/biome]: biomesoplenty:lavender_field -> using default)
[27Aug2026 23:34:29.293] [parseChunk/ERROR] [net.minecraft.world.level.chunk.storage.SerializableChunkData/]: Recoverable errors when loading section [5, 12, 0]: (Unknown registry key in ResourceKey[minecraft:root / minecraft:worldgen/biome]: biomesoplenty:lavender_field -> using default)
[27Aug2026 23:34:29.293] [parseChunk/ERROR] [net.minecraft.world.level.chunk.storage.SerializableChunkData/]: Recoverable errors when loading section [5, 13, 0]: (Unknown registry key in ResourceKey[minecraft:root / minecraft:worldgen/biome]: biomesoplenty:lavender_field -> using default)
[27Aug2026 23:34:29.293] [parseChunk/ERROR] [net.minecraft.world.level.chunk.storage.SerializableChunkData/]: Recoverable errors when loading section [5, 14, 0]: (Unknown registry key in ResourceKey[minecraft:root / minecraft:worldgen/biome]: biomesoplenty:lavender_field -> using default)
[27Aug2026 23:34:29.290] [parseChunk/ERROR] [net.minecraft.nbt.CompoundTag/]: Failed to read field (block_ticks=[{i:"biomesoplenty:jacaranda_leaves",p:0,t:0,x:95,y:74,z:-50}, {i:"biomesoplenty:jacaranda_leaves",p:0,t:0,x:95,y:75,z:-50}, {i:"biomesoplenty:jacaranda_leaves",p:0,t:0,x:95,y:76,z:-50}, {i:"biomesoplenty:jacaranda_leaves",p:0,t:0,x:95,y:75,z:-49}, {i:"biomesoplenty:jacaranda_leaves",p:0,t:0,x:95,y:76,z:-49}]): Unknown registry key in ResourceKey[minecraft:root / minecraft:block]: biomesoplenty:jacaranda_leaves; Unknown registry key in ResourceKey[minecraft:root / minecraft:block]: biomesoplenty:jacaranda_leaves; Unknown registry key in ResourceKey[minecraft:root / minecraft:block]: biomesoplenty:jacaranda_leaves; Unknown registry key in ResourceKey[minecraft:root / minecraft:block]: biomesoplenty:jacaranda_leaves; Unknown registry key in ResourceKey[minecraft:root / minecraft:block]: biomesoplenty:jacaranda_leaves
[27Aug2026 23:34:29.293] [parseChunk/ERROR] [net.minecraft.world.level.chunk.storage.SerializableChunkData/]: Recoverable errors when loading section [5, 15, 0]: (Unknown registry key in ResourceKey[minecraft:root / minecraft:worldgen/biome]: biomesoplenty:lavender_field -> using default)
[27Aug2026 23:34:29.290] [parseChunk/ERROR] [net.minecraft.world.level.chunk.storage.SerializableChunkData/]: Recoverable errors when loading section [5, -4, -5]: (Unknown registry key in ResourceKey[minecraft:root / minecraft:worldgen/biome]: biomesoplenty:pasture -> using default)
[27Aug2026 23:34:29.293] [parseChunk/ERROR] [net.minecraft.world.level.chunk.storage.SerializableChunkData/]: Recoverable errors when loading section [5, 16, 0]: (Unknown registry key in ResourceKey[minecraft:root / minecraft:worldgen/biome]: biomesoplenty:lavender_field -> using default)
[27Aug2026 23:34:29.293] [parseChunk/ERROR] [net.minecraft.world.level.chunk.storage.SerializableChunkData/]: Recoverable errors when loading section [5, 17, 0]: (Unknown registry key in ResourceKey[minecraft:root / minecraft:worldgen/biome]: biomesoplenty:lavender_field -> using default)
[27Aug2026 23:34:29.293] [parseChunk/ERROR] [net.minecraft.world.level.chunk.storage.SerializableChunkData/]: Recoverable errors when loading section [5, -3, -5]: (Unknown registry key in ResourceKey[minecraft:root / minecraft:worldgen/biome]: biomesoplenty:pasture -> using default)
[27Aug2026 23:34:29.293] [parseChunk/ERROR] [net.minecraft.world.level.chunk.storage.SerializableChunkData/]: Recoverable errors when loading section [5, -4, -4]: (Unknown registry key in ResourceKey[minecraft:root / minecraft:worldgen/biome]: biomesoplenty:lavender_field -> using default); (Unknown registry key in ResourceKey[minecraft:root / minecraft:worldgen/biome]: biomesoplenty:pasture -> using default)
[27Aug2026 23:34:29.293] [parseChunk/ERROR] [net.minecraft.world.level.chunk.storage.SerializableChunkData/]: Recoverable errors when loading section [5, 18, 0]: (Unknown registry key in ResourceKey[minecraft:root / minecraft:worldgen/biome]: biomesoplenty:lavender_field -> using default)
[27Aug2026 23:34:29.293] [parseChunk/ERROR] [net.minecraft.world.level.chunk.storage.SerializableChunkData/]: Recoverable errors when loading section [5, 19, 0]: (Unknown registry key in ResourceKey[minecraft:root / minecraft:worldgen/biome]: biomesoplenty:lavender_field -> using default)
[27Aug2026 23:34:29.293] [parseChunk/ERROR] [net.minecraft.world.level.chunk.storage.SerializableChunkData/]: Recoverable errors when loading section [5, -2, -5]: (Unknown registry key in ResourceKey[minecraft:root / minecraft:worldgen/biome]: biomesoplenty:pasture -> using default)
[27Aug2026 23:34:29.293] [parseChunk/ERROR] [net.minecraft.world.level.chunk.storage.SerializableChunkData/]: Recoverable errors when loading section [5, -3, -4]: (Unknown registry key in ResourceKey[minecraft:root / minecraft:worldgen/biome]: biomesoplenty:lavender_field -> using default); (Unknown registry key in ResourceKey[minecraft:root / minecraft:worldgen/biome]: biomesoplenty:pasture -> using default)
[27Aug2026 23:34:29.293] [parseChunk/ERROR] [net.minecraft.world.level.chunk.storage.SerializableChunkData/]: Recoverable errors when loading section [5, -1, -5]: (Unknown registry key in ResourceKey[minecraft:root / minecraft:worldgen/biome]: biomesoplenty:pasture -> using default)
[27Aug2026 23:34:29.294] [parseChunk/ERROR] [net.minecraft.world.level.chunk.storage.SerializableChunkData/]: Recoverable errors when loading section [5, -2, -4]: (Unknown registry key in ResourceKey[minecraft:root / minecraft:worldgen/biome]: biomesoplenty:lavender_field -> using default); (Unknown registry key in ResourceKey[minecraft:root / minecraft:worldgen/biome]: biomesoplenty:pasture -> using default)
[27Aug2026 23:34:29.294] [parseChunk/ERROR] [net.minecraft.world.level.chunk.storage.SerializableChunkData/]: Recoverable errors when loading section [5, 0, -5]: (Unknown registry key in ResourceKey[minecraft:root / minecraft:worldgen/biome]: biomesoplenty:pasture -> using default)
[27Aug2026 23:34:29.294] [parseChunk/ERROR] [net.minecraft.world.level.chunk.storage.SerializableChunkData/]: Recoverable errors when loading section [5, -1, -4]: (Unknown registry key in ResourceKey[minecraft:root / minecraft:worldgen/biome]: biomesoplenty:lavender_field -> using default); (Unknown registry key in ResourceKey[minecraft:root / minecraft:worldgen/biome]: biomesoplenty:pasture -> using default)
[27Aug2026 23:34:29.294] [parseChunk/ERROR] [net.minecraft.world.level.chunk.storage.SerializableChunkData/]: Recoverable errors when loading section [5, 1, -5]: (Unknown registry key in ResourceKey[minecraft:root / minecraft:worldgen/biome]: biomesoplenty:pasture -> using default)
[27Aug2026 23:34:29.294] [parseChunk/ERROR] [net.minecraft.world.level.chunk.storage.SerializableChunkData/]: Recoverable errors when loading section [5, 0, -4]: (Unknown registry key in ResourceKey[minecraft:root / minecraft:worldgen/biome]: biomesoplenty:lavender_field -> using default); (Unknown registry key in ResourceKey[minecraft:root / minecraft:worldgen/biome]: biomesoplenty:pasture -> using default)
[27Aug2026 23:34:29.294] [parseChunk/ERROR] [net.minecraft.world.level.chunk.storage.SerializableChunkData/]: Recoverable errors when loading section [5, 2, -5]: (Unknown registry key in ResourceKey[minecraft:root / minecraft:worldgen/biome]: biomesoplenty:pasture -> using default)
[27Aug2026 23:34:29.294] [parseChunk/ERROR] [net.minecraft.world.level.chunk.storage.SerializableChunkData/]: Recoverable errors when loading section [5, 1, -4]: (Unknown registry key in ResourceKey[minecraft:root / minecraft:worldgen/biome]: biomesoplenty:lavender_field -> using default); (Unknown registry key in ResourceKey[minecraft:root / minecraft:worldgen/biome]: biomesoplenty:pasture -> using default)
[27Aug2026 23:34:29.290] [parseChunk/ERROR] [net.minecraft.world.level.chunk.storage.SerializableChunkData/]: Recoverable errors when loading section [5, -3, -6]: (Unknown registry key in ResourceKey[minecraft:root / minecraft:worldgen/biome]: biomesoplenty:pasture -> using default)
[27Aug2026 23:34:29.291] [parseChunk/ERROR] [net.minecraft.nbt.CompoundTag/]: Failed to read field (block_ticks=[{i:"biomesoplenty:jacaranda_leaves",p:0,t:0,x:95,y:74,z:-46}, {i:"biomesoplenty:jacaranda_leaves",p:0,t:0,x:95,y:75,z:-46}, {i:"biomesoplenty:jacaranda_leaves",p:0,t:0,x:95,y:76,z:-46}, {i:"biomesoplenty:jacaranda_leaves",p:0,t:0,x:95,y:75,z:-48}, {i:"biomesoplenty:jacaranda_leaves",p:0,t:0,x:95,y:76,z:-48}, {i:"biomesoplenty:jacaranda_leaves",p:0,t:0,x:95,y:75,z:-47}, {i:"biomesoplenty:jacaranda_leaves",p:0,t:0,x:95,y:76,z:-47}]): Unknown registry key in ResourceKey[minecraft:root / minecraft:block]: biomesoplenty:jacaranda_leaves; Unknown registry key in ResourceKey[minecraft:root / minecraft:block]: biomesoplenty:jacaranda_leaves; Unknown registry key in ResourceKey[minecraft:root / minecraft:block]: biomesoplenty:jacaranda_leaves; Unknown registry key in ResourceKey[minecraft:root / minecraft:block]: biomesoplenty:jacaranda_leaves; Unknown registry key in ResourceKey[minecraft:root / minecraft:block]: biomesoplenty:jacaranda_leaves; Unknown registry key in ResourceKey[minecraft:root / minecraft:block]: biomesoplenty:jacaranda_leaves; Unknown registry key in ResourceKey[minecraft:root / minecraft:block]: biomesoplenty:jacaranda_leaves
[27Aug2026 23:34:29.294] [parseChunk/ERROR] [net.minecraft.world.level.chunk.storage.SerializableChunkData/]: Recoverable errors when loading section [5, 3, -5]: (Unknown registry key in ResourceKey[minecraft:root / minecraft:worldgen/biome]: biomesoplenty:pasture -> using default)
[27Aug2026 23:34:29.291] [parseChunk/ERROR] [net.minecraft.nbt.CompoundTag/]: Failed to read field (block_ticks=[{i:"minecraft:oak_leaves",p:0,t:0,x:94,y:74,z:-28}, {i:"minecraft:oak_leaves",p:0,t:0,x:94,y:74,z:-25}, {i:"biomesoplenty:flowering_oak_leaves",p:0,t:0,x:94,y:75,z:-28}, {i:"minecraft:oak_leaves",p:0,t:0,x:94,y:75,z:-26}, {i:"minecraft:oak_leaves",p:0,t:0,x:95,y:74,z:-29}, {i:"minecraft:oak_leaves",p:0,t:0,x:95,y:74,z:-25}, {i:"minecraft:oak_leaves",p:0,t:0,x:95,y:75,z:-29}, {i:"minecraft:oak_leaves",p:0,t:0,x:95,y:75,z:-25}, {i:"minecraft:oak_leaves",p:0,t:0,x:95,y:76,z:-27}, {i:"minecraft:oak_leaves",p:0,t:0,x:95,y:76,z:-26}, {i:"biomesoplenty:flowering_oak_leaves",p:0,t:0,x:95,y:77,z:-27}, {i:"biomesoplenty:flowering_oak_leaves",p:0,t:0,x:95,y:74,z:-28}, {i:"minecraft:oak_leaves",p:0,t:0,x:95,y:75,z:-28}, {i:"biomesoplenty:flowering_oak_leaves",p:0,t:0,x:94,y:74,z:-27}, {i:"minecraft:oak_leaves",p:0,t:0,x:94,y:75,z:-27}, {i:"minecraft:oak_leaves",p:0,t:0,x:95,y:74,z:-27}, {i:"minecraft:oak_leaves",p:0,t:0,x:94,y:74,z:-26}, {i:"minecraft:oak_leaves",p:0,t:0,x:95,y:74,z:-26}]): Unknown registry key in ResourceKey[minecraft:root / minecraft:block]: biomesoplenty:flowering_oak_leaves; Unknown registry key in ResourceKey[minecraft:root / minecraft:block]: biomesoplenty:flowering_oak_leaves; Unknown registry key in ResourceKey[minecraft:root / minecraft:block]: biomesoplenty:flowering_oak_leaves; Unknown registry key in ResourceKey[minecraft:root / minecraft:block]: biomesoplenty:flowering_oak_leaves
[27Aug2026 23:34:29.295] [parseChunk/ERROR] [net.minecraft.world.level.chunk.storage.SerializableChunkData/]: Recoverable errors when loading section [5, 2, -4]: (Unknown registry key in ResourceKey[minecraft:root / minecraft:worldgen/biome]: biomesoplenty:lavender_field -> using default); (Unknown registry key in ResourceKey[minecraft:root / minecraft:worldgen/biome]: biomesoplenty:pasture -> using default)
[27Aug2026 23:34:29.295] [parseChunk/ERROR] [net.minecraft.world.level.chunk.storage.SerializableChunkData/]: Recoverable errors when loading section [5, -4, -3]: (Unknown registry key in ResourceKey[minecraft:root / minecraft:worldgen/biome]: biomesoplenty:lavender_field -> using default); (Unknown registry key in ResourceKey[minecraft:root / minecraft:worldgen/biome]: biomesoplenty:pasture -> using default)
[27Aug2026 23:34:29.291] [parseChunk/ERROR] [net.minecraft.world.level.chunk.storage.SerializableChunkData/]: Recoverable errors when loading section [5, -4, -1]: (Unknown registry key in ResourceKey[minecraft:root / minecraft:worldgen/biome]: biomesoplenty:lavender_field -> using default)
[27Aug2026 23:34:29.295] [parseChunk/ERROR] [net.minecraft.world.level.chunk.storage.SerializableChunkData/]: Recoverable errors when loading section [5, -2, -6]: (Unknown registry key in ResourceKey[minecraft:root / minecraft:worldgen/biome]: biomesoplenty:pasture -> using default)
[27Aug2026 23:34:29.295] [parseChunk/ERROR] [net.minecraft.world.level.chunk.storage.SerializableChunkData/]: Recoverable errors when loading section [5, -4, -2]: (Unknown registry key in ResourceKey[minecraft:root / minecraft:worldgen/biome]: biomesoplenty:lavender_field -> using default); (Unknown registry key in ResourceKey[minecraft:root / minecraft:worldgen/biome]: biomesoplenty:pasture -> using default)
[27Aug2026 23:34:29.295] [parseChunk/ERROR] [net.minecraft.world.level.chunk.storage.SerializableChunkData/]: Recoverable errors when loading section [5, 4, -5]: (Unknown registry key in ResourceKey[minecraft:root / minecraft:block]: biomesoplenty:barley -> using default); (Unknown registry key in ResourceKey[minecraft:root / minecraft:block]: biomesoplenty:barley -> using default)
[27Aug2026 23:34:29.295] [parseChunk/ERROR] [net.minecraft.world.level.chunk.storage.SerializableChunkData/]: Recoverable errors when loading section [5, 3, -4]: (Unknown registry key in ResourceKey[minecraft:root / minecraft:worldgen/biome]: biomesoplenty:lavender_field -> using default); (Unknown registry key in ResourceKey[minecraft:root / minecraft:worldgen/biome]: biomesoplenty:pasture -> using default)
[27Aug2026 23:34:29.295] [parseChunk/ERROR] [net.minecraft.world.level.chunk.storage.SerializableChunkData/]: Recoverable errors when loading section [5, -1, -6]: (Unknown registry key in ResourceKey[minecraft:root / minecraft:worldgen/biome]: biomesoplenty:pasture -> using default)
[27Aug2026 23:34:29.296] [parseChunk/ERROR] [net.minecraft.world.level.chunk.storage.SerializableChunkData/]: Recoverable errors when loading section [5, 4, -5]: (Unknown registry key in ResourceKey[minecraft:root / minecraft:worldgen/biome]: biomesoplenty:pasture -> using default)
[27Aug2026 23:34:29.295] [parseChunk/ERROR] [net.minecraft.world.level.chunk.storage.SerializableChunkData/]: Recoverable errors when loading section [5, -3, -3]: (Unknown registry key in ResourceKey[minecraft:root / minecraft:worldgen/biome]: biomesoplenty:lavender_field -> using default); (Unknown registry key in ResourceKey[minecraft:root / minecraft:worldgen/biome]: biomesoplenty:pasture -> using default)
[27Aug2026 23:34:29.295] [parseChunk/ERROR] [net.minecraft.world.level.chunk.storage.SerializableChunkData/]: Recoverable errors when loading section [5, -3, -1]: (Unknown registry key in ResourceKey[minecraft:root / minecraft:worldgen/biome]: biomesoplenty:lavender_field -> using default)
[27Aug2026 23:34:29.296] [parseChunk/ERROR] [net.minecraft.world.level.chunk.storage.SerializableChunkData/]: Recoverable errors when loading section [5, -3, -2]: (Unknown registry key in ResourceKey[minecraft:root / minecraft:worldgen/biome]: biomesoplenty:lavender_field -> using default); (Unknown registry key in ResourceKey[minecraft:root / minecraft:worldgen/biome]: biomesoplenty:pasture -> using default)
[27Aug2026 23:34:29.296] [parseChunk/ERROR] [net.minecraft.world.level.chunk.storage.SerializableChunkData/]: Recoverable errors when loading section [5, 4, -4]: (Unknown registry key in ResourceKey[minecraft:root / minecraft:block]: biomesoplenty:jacaranda_leaves -> using default); (Unknown registry key in ResourceKey[minecraft:root / minecraft:block]: biomesoplenty:jacaranda_leaves -> using default); (Unknown registry key in ResourceKey[minecraft:root / minecraft:block]: biomesoplenty:tall_lavender -> using default); (Unknown registry key in ResourceKey[minecraft:root / minecraft:block]: biomesoplenty:tall_lavender -> using default); (Unknown registry key in ResourceKey[minecraft:root / minecraft:block]: biomesoplenty:barley -> using default); (Unknown registry key in ResourceKey[minecraft:root / minecraft:block]: biomesoplenty:barley -> using default); (Unknown registry key in ResourceKey[minecraft:root / minecraft:block]: biomesoplenty:lavender -> using default)
[27Aug2026 23:34:29.296] [parseChunk/ERROR] [net.minecraft.world.level.chunk.storage.SerializableChunkData/]: Recoverable errors when loading section [5, 5, -5]: (Unknown registry key in ResourceKey[minecraft:root / minecraft:worldgen/biome]: biomesoplenty:pasture -> using default)
[27Aug2026 23:34:29.296] [parseChunk/ERROR] [net.minecraft.world.level.chunk.storage.SerializableChunkData/]: Recoverable errors when loading section [5, 0, -6]: (Unknown registry key in ResourceKey[minecraft:root / minecraft:worldgen/biome]: biomesoplenty:pasture -> using default)
[27Aug2026 23:34:29.296] [parseChunk/ERROR] [net.minecraft.world.level.chunk.storage.SerializableChunkData/]: Recoverable errors when loading section [5, -2, -2]: (Unknown registry key in ResourceKey[minecraft:root / minecraft:worldgen/biome]: biomesoplenty:lavender_field -> using default); (Unknown registry key in ResourceKey[minecraft:root / minecraft:worldgen/biome]: biomesoplenty:pasture -> using default)
[27Aug2026 23:34:29.296] [parseChunk/ERROR] [net.minecraft.world.level.chunk.storage.SerializableChunkData/]: Recoverable errors when loading section [5, -2, -3]: (Unknown registry key in ResourceKey[minecraft:root / minecraft:worldgen/biome]: biomesoplenty:lavender_field -> using default); (Unknown registry key in ResourceKey[minecraft:root / minecraft:worldgen/biome]: biomesoplenty:pasture -> using default)
[27Aug2026 23:34:29.296] [parseChunk/ERROR] [net.minecraft.world.level.chunk.storage.SerializableChunkData/]: Recoverable errors when loading section [5, -2, -1]: (Unknown registry key in ResourceKey[minecraft:root / minecraft:worldgen/biome]: biomesoplenty:lavender_field -> using default)
[27Aug2026 23:34:29.296] [parseChunk/ERROR] [net.minecraft.world.level.chunk.storage.SerializableChunkData/]: Recoverable errors when loading section [5, 4, -4]: (Unknown registry key in ResourceKey[minecraft:root / minecraft:worldgen/biome]: biomesoplenty:lavender_field -> using default); (Unknown registry key in ResourceKey[minecraft:root / minecraft:worldgen/biome]: biomesoplenty:pasture -> using default)
[27Aug2026 23:34:29.296] [parseChunk/ERROR] [net.minecraft.world.level.chunk.storage.SerializableChunkData/]: Recoverable errors when loading section [5, 6, -5]: (Unknown registry key in ResourceKey[minecraft:root / minecraft:worldgen/biome]: biomesoplenty:pasture -> using default)
[27Aug2026 23:34:29.296] [parseChunk/ERROR] [net.minecraft.world.level.chunk.storage.SerializableChunkData/]: Recoverable errors when loading section [5, 1, -6]: (Unknown registry key in ResourceKey[minecraft:root / minecraft:worldgen/biome]: biomesoplenty:pasture -> using default)
[27Aug2026 23:34:29.296] [parseChunk/ERROR] [net.minecraft.world.level.chunk.storage.SerializableChunkData/]: Recoverable errors when loading section [5, -1, -2]: (Unknown registry key in ResourceKey[minecraft:root / minecraft:block]: biomesoplenty:webbing -> using default); (Unknown registry key in ResourceKey[minecraft:root / minecraft:block]: biomesoplenty:webbing -> using default); (Unknown registry key in ResourceKey[minecraft:root / minecraft:block]: biomesoplenty:stringy_cobweb -> using default); (Unknown registry key in ResourceKey[minecraft:root / minecraft:block]: biomesoplenty:webbing -> using default); (Unknown registry key in ResourceKey[minecraft:root / minecraft:block]: biomesoplenty:stringy_cobweb -> using default); (Unknown registry key in ResourceKey[minecraft:root / minecraft:block]: biomesoplenty:stringy_cobweb -> using default); (Unknown registry key in ResourceKey[minecraft:root / minecraft:block]: biomesoplenty:stringy_cobweb -> using default); (Unknown registry key in ResourceKey[minecraft:root / minecraft:block]: biomesoplenty:stringy_cobweb -> using default)
[27Aug2026 23:34:29.296] [parseChunk/ERROR] [net.minecraft.world.level.chunk.storage.SerializableChunkData/]: Recoverable errors when loading section [5, -1, -3]: (Unknown registry key in ResourceKey[minecraft:root / minecraft:worldgen/biome]: biomesoplenty:lavender_field -> using default); (Unknown registry key in ResourceKey[minecraft:root / minecraft:worldgen/biome]: biomesoplenty:pasture -> using default)
[27Aug2026 23:34:29.296] [parseChunk/ERROR] [net.minecraft.world.level.chunk.storage.SerializableChunkData/]: Recoverable errors when loading section [5, 7, -5]: (Unknown registry key in ResourceKey[minecraft:root / minecraft:worldgen/biome]: biomesoplenty:pasture -> using default)
[27Aug2026 23:34:29.296] [parseChunk/ERROR] [net.minecraft.world.level.chunk.storage.SerializableChunkData/]: Recoverable errors when loading section [5, 5, -4]: (Unknown registry key in ResourceKey[minecraft:root / minecraft:worldgen/biome]: biomesoplenty:lavender_field -> using default); (Unknown registry key in ResourceKey[minecraft:root / minecraft:worldgen/biome]: biomesoplenty:pasture -> using default)
[27Aug2026 23:34:29.296] [parseChunk/ERROR] [net.minecraft.world.level.chunk.storage.SerializableChunkData/]: Recoverable errors when loading section [5, -1, -1]: (Unknown registry key in ResourceKey[minecraft:root / minecraft:block]: biomesoplenty:webbing -> using default); (Unknown registry key in ResourceKey[minecraft:root / minecraft:block]: biomesoplenty:webbing -> using default); (Unknown registry key in ResourceKey[minecraft:root / minecraft:block]: biomesoplenty:webbing -> using default)
[27Aug2026 23:34:29.296] [parseChunk/ERROR] [net.minecraft.world.level.chunk.storage.SerializableChunkData/]: Recoverable errors when loading section [5, -1, -2]: (Unknown registry key in ResourceKey[minecraft:root / minecraft:worldgen/biome]: biomesoplenty:spider_nest -> using default); (Unknown registry key in ResourceKey[minecraft:root / minecraft:worldgen/biome]: biomesoplenty:lavender_field -> using default); (Unknown registry key in ResourceKey[minecraft:root / minecraft:worldgen/biome]: biomesoplenty:pasture -> using default)
[27Aug2026 23:34:29.296] [parseChunk/ERROR] [net.minecraft.world.level.chunk.storage.SerializableChunkData/]: Recoverable errors when loading section [5, 8, -5]: (Unknown registry key in ResourceKey[minecraft:root / minecraft:worldgen/biome]: biomesoplenty:pasture -> using default)
[27Aug2026 23:34:29.296] [parseChunk/ERROR] [net.minecraft.world.level.chunk.storage.SerializableChunkData/]: Recoverable errors when loading section [5, 2, -6]: (Unknown registry key in ResourceKey[minecraft:root / minecraft:worldgen/biome]: biomesoplenty:pasture -> using default)
[27Aug2026 23:34:29.296] [parseChunk/ERROR] [net.minecraft.world.level.chunk.storage.SerializableChunkData/]: Recoverable errors when loading section [5, 0, -3]: (Unknown registry key in ResourceKey[minecraft:root / minecraft:block]: biomesoplenty:stringy_cobweb -> using default); (Unknown registry key in ResourceKey[minecraft:root / minecraft:block]: biomesoplenty:stringy_cobweb -> using default)
[27Aug2026 23:34:29.296] [parseChunk/ERROR] [net.minecraft.world.level.chunk.storage.SerializableChunkData/]: Recoverable errors when loading section [5, 6, -4]: (Unknown registry key in ResourceKey[minecraft:root / minecraft:worldgen/biome]: biomesoplenty:lavender_field -> using default); (Unknown registry key in ResourceKey[minecraft:root / minecraft:worldgen/biome]: biomesoplenty:pasture -> using default)
[27Aug2026 23:34:29.297] [parseChunk/ERROR] [net.minecraft.world.level.chunk.storage.SerializableChunkData/]: Recoverable errors when loading section [5, -1, -1]: (Unknown registry key in ResourceKey[minecraft:root / minecraft:worldgen/biome]: biomesoplenty:spider_nest -> using default); (Unknown registry key in ResourceKey[minecraft:root / minecraft:worldgen/biome]: biomesoplenty:lavender_field -> using default)
[27Aug2026 23:34:29.297] [parseChunk/ERROR] [net.minecraft.world.level.chunk.storage.SerializableChunkData/]: Recoverable errors when loading section [5, 9, -5]: (Unknown registry key in ResourceKey[minecraft:root / minecraft:worldgen/biome]: biomesoplenty:pasture -> using default)
[27Aug2026 23:34:29.297] [parseChunk/ERROR] [net.minecraft.world.level.chunk.storage.SerializableChunkData/]: Recoverable errors when loading section [5, 0, -3]: (Unknown registry key in ResourceKey[minecraft:root / minecraft:worldgen/biome]: biomesoplenty:spider_nest -> using default); (Unknown registry key in ResourceKey[minecraft:root / minecraft:worldgen/biome]: biomesoplenty:lavender_field -> using default); (Unknown registry key in ResourceKey[minecraft:root / minecraft:worldgen/biome]: biomesoplenty:pasture -> using default)
[27Aug2026 23:34:29.297] [parseChunk/ERROR] [net.minecraft.world.level.chunk.storage.SerializableChunkData/]: Recoverable errors when loading section [5, 3, -6]: (Unknown registry key in ResourceKey[minecraft:root / minecraft:worldgen/biome]: biomesoplenty:pasture -> using default)
[27Aug2026 23:34:29.297] [parseChunk/ERROR] [net.minecraft.world.level.chunk.storage.SerializableChunkData/]: Recoverable errors when loading section [5, 10, -5]: (Unknown registry key in ResourceKey[minecraft:root / minecraft:worldgen/biome]: biomesoplenty:pasture -> using default)
[27Aug2026 23:34:29.297] [parseChunk/ERROR] [net.minecraft.world.level.chunk.storage.SerializableChunkData/]: Recoverable errors when loading section [5, 7, -4]: (Unknown registry key in ResourceKey[minecraft:root / minecraft:worldgen/biome]: biomesoplenty:lavender_field -> using default); (Unknown registry key in ResourceKey[minecraft:root / minecraft:worldgen/biome]: biomesoplenty:pasture -> using default)
[27Aug2026 23:34:29.297] [parseChunk/ERROR] [net.minecraft.world.level.chunk.storage.SerializableChunkData/]: Recoverable errors when loading section [5, 11, -5]: (Unknown registry key in ResourceKey[minecraft:root / minecraft:worldgen/biome]: biomesoplenty:pasture -> using default)
[27Aug2026 23:34:29.297] [parseChunk/ERROR] [net.minecraft.world.level.chunk.storage.SerializableChunkData/]: Recoverable errors when loading section [5, 0, -1]: (Unknown registry key in ResourceKey[minecraft:root / minecraft:block]: biomesoplenty:spider_egg -> using default); (Unknown registry key in ResourceKey[minecraft:root / minecraft:block]: biomesoplenty:webbing -> using default); (Unknown registry key in ResourceKey[minecraft:root / minecraft:block]: biomesoplenty:webbing -> using default); (Unknown registry key in ResourceKey[minecraft:root / minecraft:block]: biomesoplenty:webbing -> using default); (Unknown registry key in ResourceKey[minecraft:root / minecraft:block]: biomesoplenty:webbing -> using default); (Unknown registry key in ResourceKey[minecraft:root / minecraft:block]: biomesoplenty:webbing -> using default); (Unknown registry key in ResourceKey[minecraft:root / minecraft:block]: biomesoplenty:webbing -> using default)
[27Aug2026 23:34:29.297] [parseChunk/ERROR] [net.minecraft.world.level.chunk.storage.SerializableChunkData/]: Recoverable errors when loading section [5, 0, -2]: (Unknown registry key in ResourceKey[minecraft:root / minecraft:block]: biomesoplenty:webbing -> using default); (Unknown registry key in ResourceKey[minecraft:root / minecraft:block]: biomesoplenty:webbing -> using default); (Unknown registry key in ResourceKey[minecraft:root / minecraft:block]: biomesoplenty:webbing -> using default); (Unknown registry key in ResourceKey[minecraft:root / minecraft:block]: biomesoplenty:webbing -> using default); (Unknown registry key in ResourceKey[minecraft:root / minecraft:block]: biomesoplenty:webbing -> using default); (Unknown registry key in ResourceKey[minecraft:root / minecraft:block]: biomesoplenty:stringy_cobweb -> using default)
[27Aug2026 23:34:29.297] [parseChunk/ERROR] [net.minecraft.world.level.chunk.storage.SerializableChunkData/]: Recoverable errors when loading section [5, 4, -6]: (Unknown registry key in ResourceKey[minecraft:root / minecraft:block]: biomesoplenty:barley -> using default); (Unknown registry key in ResourceKey[minecraft:root / minecraft:block]: biomesoplenty:barley -> using default)
[27Aug2026 23:34:29.297] [parseChunk/ERROR] [net.minecraft.world.level.chunk.storage.SerializableChunkData/]: Recoverable errors when loading section [5, 1, -3]: (Unknown registry key in ResourceKey[minecraft:root / minecraft:worldgen/biome]: biomesoplenty:lavender_field -> using default); (Unknown registry key in ResourceKey[minecraft:root / minecraft:worldgen/biome]: biomesoplenty:pasture -> using default)
[27Aug2026 23:34:29.297] [parseChunk/ERROR] [net.minecraft.world.level.chunk.storage.SerializableChunkData/]: Recoverable errors when loading section [5, 12, -5]: (Unknown registry key in ResourceKey[minecraft:root / minecraft:worldgen/biome]: biomesoplenty:pasture -> using default)
[27Aug2026 23:34:29.297] [parseChunk/ERROR] [net.minecraft.world.level.chunk.storage.SerializableChunkData/]: Recoverable errors when loading section [5, 8, -4]: (Unknown registry key in ResourceKey[minecraft:root / minecraft:worldgen/biome]: biomesoplenty:lavender_field -> using default); (Unknown registry key in ResourceKey[minecraft:root / minecraft:worldgen/biome]: biomesoplenty:pasture -> using default)
[27Aug2026 23:34:29.297] [parseChunk/ERROR] [net.minecraft.world.level.chunk.storage.SerializableChunkData/]: Recoverable errors when loading section [5, 4, -6]: (Unknown registry key in ResourceKey[minecraft:root / minecraft:worldgen/biome]: biomesoplenty:pasture -> using default)
[27Aug2026 23:34:29.297] [parseChunk/ERROR] [net.minecraft.world.level.chunk.storage.SerializableChunkData/]: Recoverable errors when loading section [5, 0, -1]: (Unknown registry key in ResourceKey[minecraft:root / minecraft:worldgen/biome]: biomesoplenty:lavender_field -> using default); (Unknown registry key in ResourceKey[minecraft:root / minecraft:worldgen/biome]: biomesoplenty:spider_nest -> using default)
[27Aug2026 23:34:29.297] [parseChunk/ERROR] [net.minecraft.world.level.chunk.storage.SerializableChunkData/]: Recoverable errors when loading section [5, 0, -2]: (Unknown registry key in ResourceKey[minecraft:root / minecraft:worldgen/biome]: biomesoplenty:lavender_field -> using default); (Unknown registry key in ResourceKey[minecraft:root / minecraft:worldgen/biome]: biomesoplenty:pasture -> using default); (Unknown registry key in ResourceKey[minecraft:root / minecraft:worldgen/biome]: biomesoplenty:spider_nest -> using default)
[27Aug2026 23:34:29.297] [parseChunk/ERROR] [net.minecraft.world.level.chunk.storage.SerializableChunkData/]: Recoverable errors when loading section [5, 13, -5]: (Unknown registry key in ResourceKey[minecraft:root / minecraft:worldgen/biome]: biomesoplenty:pasture -> using default)
[27Aug2026 23:34:29.297] [parseChunk/ERROR] [net.minecraft.world.level.chunk.storage.SerializableChunkData/]: Recoverable errors when loading section [5, 9, -4]: (Unknown registry key in ResourceKey[minecraft:root / minecraft:worldgen/biome]: biomesoplenty:lavender_field -> using default); (Unknown registry key in ResourceKey[minecraft:root / minecraft:worldgen/biome]: biomesoplenty:pasture -> using default)
[27Aug2026 23:34:29.297] [parseChunk/ERROR] [net.minecraft.world.level.chunk.storage.SerializableChunkData/]: Recoverable errors when loading section [5, 2, -3]: (Unknown registry key in ResourceKey[minecraft:root / minecraft:worldgen/biome]: biomesoplenty:lavender_field -> using default); (Unknown registry key in ResourceKey[minecraft:root / minecraft:worldgen/biome]: biomesoplenty:pasture -> using default)
[27Aug2026 23:34:29.297] [parseChunk/ERROR] [net.minecraft.world.level.chunk.storage.SerializableChunkData/]: Recoverable errors when loading section [5, 5, -6]: (Unknown registry key in ResourceKey[minecraft:root / minecraft:worldgen/biome]: biomesoplenty:pasture -> using default)
[27Aug2026 23:34:29.297] [parseChunk/ERROR] [net.minecraft.world.level.chunk.storage.SerializableChunkData/]: Recoverable errors when loading section [5, 14, -5]: (Unknown registry key in ResourceKey[minecraft:root / minecraft:worldgen/biome]: biomesoplenty:pasture -> using default)
[27Aug2026 23:34:29.298] [parseChunk/ERROR] [net.minecraft.world.level.chunk.storage.SerializableChunkData/]: Recoverable errors when loading section [5, 1, -2]: (Unknown registry key in ResourceKey[minecraft:root / minecraft:worldgen/biome]: biomesoplenty:lavender_field -> using default); (Unknown registry key in ResourceKey[minecraft:root / minecraft:worldgen/biome]: biomesoplenty:pasture -> using default)
[27Aug2026 23:34:29.297] [parseChunk/ERROR] [net.minecraft.world.level.chunk.storage.SerializableChunkData/]: Recoverable errors when loading section [5, 1, -1]: (Unknown registry key in ResourceKey[minecraft:root / minecraft:worldgen/biome]: biomesoplenty:lavender_field -> using default)
[27Aug2026 23:34:29.298] [parseChunk/ERROR] [net.minecraft.world.level.chunk.storage.SerializableChunkData/]: Recoverable errors when loading section [5, 10, -4]: (Unknown registry key in ResourceKey[minecraft:root / minecraft:worldgen/biome]: biomesoplenty:lavender_field -> using default); (Unknown registry key in ResourceKey[minecraft:root / minecraft:worldgen/biome]: biomesoplenty:pasture -> using default)
[27Aug2026 23:34:29.298] [parseChunk/ERROR] [net.minecraft.world.level.chunk.storage.SerializableChunkData/]: Recoverable errors when loading section [5, 6, -6]: (Unknown registry key in ResourceKey[minecraft:root / minecraft:worldgen/biome]: biomesoplenty:pasture -> using default)
[27Aug2026 23:34:29.298] [parseChunk/ERROR] [net.minecraft.world.level.chunk.storage.SerializableChunkData/]: Recoverable errors when loading section [5, 15, -5]: (Unknown registry key in ResourceKey[minecraft:root / minecraft:worldgen/biome]: biomesoplenty:pasture -> using default)
[27Aug2026 23:34:29.298] [parseChunk/ERROR] [net.minecraft.world.level.chunk.storage.SerializableChunkData/]: Recoverable errors when loading section [5, 7, -6]: (Unknown registry key in ResourceKey[minecraft:root / minecraft:worldgen/biome]: biomesoplenty:pasture -> using default)
[27Aug2026 23:34:29.298] [parseChunk/ERROR] [net.minecraft.world.level.chunk.storage.SerializableChunkData/]: Recoverable errors when loading section [5, 3, -3]: (Unknown registry key in ResourceKey[minecraft:root / minecraft:worldgen/biome]: biomesoplenty:lavender_field -> using default); (Unknown registry key in ResourceKey[minecraft:root / minecraft:worldgen/biome]: biomesoplenty:pasture -> using default)
[27Aug2026 23:34:29.298] [parseChunk/ERROR] [net.minecraft.world.level.chunk.storage.SerializableChunkData/]: Recoverable errors when loading section [5, 11, -4]: (Unknown registry key in ResourceKey[minecraft:root / minecraft:worldgen/biome]: biomesoplenty:lavender_field -> using default); (Unknown registry key in ResourceKey[minecraft:root / minecraft:worldgen/biome]: biomesoplenty:pasture -> using default)
[27Aug2026 23:34:29.298] [parseChunk/ERROR] [net.minecraft.world.level.chunk.storage.SerializableChunkData/]: Recoverable errors when loading section [5, 16, -5]: (Unknown registry key in ResourceKey[minecraft:root / minecraft:worldgen/biome]: biomesoplenty:pasture -> using default)
[27Aug2026 23:34:29.298] [parseChunk/ERROR] [net.minecraft.world.level.chunk.storage.SerializableChunkData/]: Recoverable errors when loading section [5, 2, -1]: (Unknown registry key in ResourceKey[minecraft:root / minecraft:worldgen/biome]: biomesoplenty:lavender_field -> using default)
[27Aug2026 23:34:29.298] [parseChunk/ERROR] [net.minecraft.world.level.chunk.storage.SerializableChunkData/]: Recoverable errors when loading section [5, 2, -2]: (Unknown registry key in ResourceKey[minecraft:root / minecraft:worldgen/biome]: biomesoplenty:lavender_field -> using default); (Unknown registry key in ResourceKey[minecraft:root / minecraft:worldgen/biome]: biomesoplenty:pasture -> using default)
[27Aug2026 23:34:29.298] [parseChunk/ERROR] [net.minecraft.world.level.chunk.storage.SerializableChunkData/]: Recoverable errors when loading section [5, 8, -6]: (Unknown registry key in ResourceKey[minecraft:root / minecraft:worldgen/biome]: biomesoplenty:pasture -> using default)
[27Aug2026 23:34:29.298] [parseChunk/ERROR] [net.minecraft.world.level.chunk.storage.SerializableChunkData/]: Recoverable errors when loading section [5, 17, -5]: (Unknown registry key in ResourceKey[minecraft:root / minecraft:worldgen/biome]: biomesoplenty:pasture -> using default)
[27Aug2026 23:34:29.298] [parseChunk/ERROR] [net.minecraft.world.level.chunk.storage.SerializableChunkData/]: Recoverable errors when loading section [5, 12, -4]: (Unknown registry key in ResourceKey[minecraft:root / minecraft:worldgen/biome]: biomesoplenty:lavender_field -> using default); (Unknown registry key in ResourceKey[minecraft:root / minecraft:worldgen/biome]: biomesoplenty:pasture -> using default)
[27Aug2026 23:34:29.298] [parseChunk/ERROR] [net.minecraft.world.level.chunk.storage.SerializableChunkData/]: Recoverable errors when loading section [5, 4, -3]: (Unknown registry key in ResourceKey[minecraft:root / minecraft:block]: biomesoplenty:jacaranda_leaves -> using default); (Unknown registry key in ResourceKey[minecraft:root / minecraft:block]: biomesoplenty:jacaranda_leaves -> using default); (Unknown registry key in ResourceKey[minecraft:root / minecraft:block]: biomesoplenty:jacaranda_leaves -> using default); (Unknown registry key in ResourceKey[minecraft:root / minecraft:block]: biomesoplenty:tall_lavender -> using default); (Unknown registry key in ResourceKey[minecraft:root / minecraft:block]: biomesoplenty:sprout -> using default); (Unknown registry key in ResourceKey[minecraft:root / minecraft:block]: biomesoplenty:tall_lavender -> using default); (Unknown registry key in ResourceKey[minecraft:root / minecraft:block]: biomesoplenty:barley -> using default); (Unknown registry key in ResourceKey[minecraft:root / minecraft:block]: biomesoplenty:jacaranda_log -> using default); (Unknown registry key in ResourceKey[minecraft:root / minecraft:block]: biomesoplenty:barley -> using default); (Unknown registry key in ResourceKey[minecraft:root / minecraft:block]: biomesoplenty:lavender -> using default)
[27Aug2026 23:34:29.298] [parseChunk/ERROR] [net.minecraft.world.level.chunk.storage.SerializableChunkData/]: Recoverable errors when loading section [5, 9, -6]: (Unknown registry key in ResourceKey[minecraft:root / minecraft:worldgen/biome]: biomesoplenty:pasture -> using default)
[27Aug2026 23:34:29.298] [parseChunk/ERROR] [net.minecraft.world.level.chunk.storage.SerializableChunkData/]: Recoverable errors when loading section [5, 3, -2]: (Unknown registry key in ResourceKey[minecraft:root / minecraft:worldgen/biome]: biomesoplenty:lavender_field -> using default); (Unknown registry key in ResourceKey[minecraft:root / minecraft:worldgen/biome]: biomesoplenty:pasture -> using default)
[27Aug2026 23:34:29.298] [parseChunk/ERROR] [net.minecraft.world.level.chunk.storage.SerializableChunkData/]: Recoverable errors when loading section [5, 3, -1]: (Unknown registry key in ResourceKey[minecraft:root / minecraft:worldgen/biome]: biomesoplenty:lavender_field -> using default)
[27Aug2026 23:34:29.299] [parseChunk/ERROR] [net.minecraft.world.level.chunk.storage.SerializableChunkData/]: Recoverable errors when loading section [5, 18, -5]: (Unknown registry key in ResourceKey[minecraft:root / minecraft:worldgen/biome]: biomesoplenty:pasture -> using default)
[27Aug2026 23:34:29.299] [parseChunk/ERROR] [net.minecraft.world.level.chunk.storage.SerializableChunkData/]: Recoverable errors when loading section [5, 10, -6]: (Unknown registry key in ResourceKey[minecraft:root / minecraft:worldgen/biome]: biomesoplenty:pasture -> using default)
[27Aug2026 23:34:29.299] [parseChunk/ERROR] [net.minecraft.world.level.chunk.storage.SerializableChunkData/]: Recoverable errors when loading section [5, 4, -3]: (Unknown registry key in ResourceKey[minecraft:root / minecraft:worldgen/biome]: biomesoplenty:lavender_field -> using default); (Unknown registry key in ResourceKey[minecraft:root / minecraft:worldgen/biome]: biomesoplenty:pasture -> using default)
[27Aug2026 23:34:29.299] [parseChunk/ERROR] [net.minecraft.world.level.chunk.storage.SerializableChunkData/]: Recoverable errors when loading section [5, 19, -5]: (Unknown registry key in ResourceKey[minecraft:root / minecraft:worldgen/biome]: biomesoplenty:pasture -> using default)
[27Aug2026 23:34:29.299] [parseChunk/ERROR] [net.minecraft.world.level.chunk.storage.SerializableChunkData/]: Recoverable errors when loading section [5, 13, -4]: (Unknown registry key in ResourceKey[minecraft:root / minecraft:worldgen/biome]: biomesoplenty:lavender_field -> using default); (Unknown registry key in ResourceKey[minecraft:root / minecraft:worldgen/biome]: biomesoplenty:pasture -> using default)
[27Aug2026 23:34:29.299] [parseChunk/ERROR] [net.minecraft.world.level.chunk.storage.SerializableChunkData/]: Recoverable errors when loading section [5, 11, -6]: (Unknown registry key in ResourceKey[minecraft:root / minecraft:worldgen/biome]: biomesoplenty:pasture -> using default)
[27Aug2026 23:34:29.300] [parseChunk/ERROR] [net.minecraft.world.level.chunk.storage.SerializableChunkData/]: Recoverable errors when loading section [5, 4, -2]: (Unknown registry key in ResourceKey[minecraft:root / minecraft:block]: biomesoplenty:flowering_oak_leaves -> using default); (Unknown registry key in ResourceKey[minecraft:root / minecraft:block]: biomesoplenty:flowering_oak_leaves -> using default); (Unknown registry key in ResourceKey[minecraft:root / minecraft:block]: biomesoplenty:flowering_oak_leaves -> using default); (Unknown registry key in ResourceKey[minecraft:root / minecraft:block]: biomesoplenty:sprout -> using default); (Unknown registry key in ResourceKey[minecraft:root / minecraft:block]: biomesoplenty:jacaranda_log -> using default); (Unknown registry key in ResourceKey[minecraft:root / minecraft:block]: biomesoplenty:barley -> using default); (Unknown registry key in ResourceKey[minecraft:root / minecraft:block]: biomesoplenty:barley -> using default); (Unknown registry key in ResourceKey[minecraft:root / minecraft:block]: biomesoplenty:lavender -> using default)
[27Aug2026 23:34:29.300] [parseChunk/ERROR] [net.minecraft.world.level.chunk.storage.SerializableChunkData/]: Recoverable errors when loading section [5, 4, -1]: (Unknown registry key in ResourceKey[minecraft:root / minecraft:block]: biomesoplenty:sprout -> using default); (Unknown registry key in ResourceKey[minecraft:root / minecraft:block]: biomesoplenty:jacaranda_log -> using default); (Unknown registry key in ResourceKey[minecraft:root / minecraft:block]: biomesoplenty:tall_lavender -> using default); (Unknown registry key in ResourceKey[minecraft:root / minecraft:block]: biomesoplenty:tall_lavender -> using default); (Unknown registry key in ResourceKey[minecraft:root / minecraft:block]: biomesoplenty:lavender -> using default)
[27Aug2026 23:34:29.300] [parseChunk/ERROR] [net.minecraft.world.level.chunk.storage.SerializableChunkData/]: Recoverable errors when loading section [5, 5, -3]: (Unknown registry key in ResourceKey[minecraft:root / minecraft:worldgen/biome]: biomesoplenty:lavender_field -> using default); (Unknown registry key in ResourceKey[minecraft:root / minecraft:worldgen/biome]: biomesoplenty:pasture -> using default)
[27Aug2026 23:34:29.300] [parseChunk/ERROR] [net.minecraft.world.level.chunk.storage.SerializableChunkData/]: Recoverable errors when loading section [5, 12, -6]: (Unknown registry key in ResourceKey[minecraft:root / minecraft:worldgen/biome]: biomesoplenty:pasture -> using default)
[27Aug2026 23:34:29.300] [parseChunk/ERROR] [net.minecraft.world.level.chunk.storage.SerializableChunkData/]: Recoverable errors when loading section [5, 14, -4]: (Unknown registry key in ResourceKey[minecraft:root / minecraft:worldgen/biome]: biomesoplenty:lavender_field -> using default); (Unknown registry key in ResourceKey[minecraft:root / minecraft:worldgen/biome]: biomesoplenty:pasture -> using default)
[27Aug2026 23:34:29.300] [parseChunk/ERROR] [net.minecraft.world.level.chunk.storage.SerializableChunkData/]: Recoverable errors when loading section [5, 4, -2]: (Unknown registry key in ResourceKey[minecraft:root / minecraft:worldgen/biome]: biomesoplenty:lavender_field -> using default); (Unknown registry key in ResourceKey[minecraft:root / minecraft:worldgen/biome]: biomesoplenty:pasture -> using default)
[27Aug2026 23:34:29.300] [parseChunk/ERROR] [net.minecraft.world.level.chunk.storage.SerializableChunkData/]: Recoverable errors when loading section [5, 6, -3]: (Unknown registry key in ResourceKey[minecraft:root / minecraft:worldgen/biome]: biomesoplenty:lavender_field -> using default); (Unknown registry key in ResourceKey[minecraft:root / minecraft:worldgen/biome]: biomesoplenty:pasture -> using default)
[27Aug2026 23:34:29.300] [parseChunk/ERROR] [net.minecraft.world.level.chunk.storage.SerializableChunkData/]: Recoverable errors when loading section [5, 4, -1]: (Unknown registry key in ResourceKey[minecraft:root / minecraft:worldgen/biome]: biomesoplenty:lavender_field -> using default)
[27Aug2026 23:34:29.300] [parseChunk/ERROR] [net.minecraft.world.level.chunk.storage.SerializableChunkData/]: Recoverable errors when loading section [5, 13, -6]: (Unknown registry key in ResourceKey[minecraft:root / minecraft:worldgen/biome]: biomesoplenty:pasture -> using default)
[27Aug2026 23:34:29.300] [parseChunk/ERROR] [net.minecraft.world.level.chunk.storage.SerializableChunkData/]: Recoverable errors when loading section [5, 15, -4]: (Unknown registry key in ResourceKey[minecraft:root / minecraft:worldgen/biome]: biomesoplenty:lavender_field -> using default); (Unknown registry key in ResourceKey[minecraft:root / minecraft:worldgen/biome]: biomesoplenty:pasture -> using default)
[27Aug2026 23:34:29.300] [parseChunk/ERROR] [net.minecraft.world.level.chunk.storage.SerializableChunkData/]: Recoverable errors when loading section [5, 7, -3]: (Unknown registry key in ResourceKey[minecraft:root / minecraft:worldgen/biome]: biomesoplenty:lavender_field -> using default); (Unknown registry key in ResourceKey[minecraft:root / minecraft:worldgen/biome]: biomesoplenty:pasture -> using default)
[27Aug2026 23:34:29.300] [parseChunk/ERROR] [net.minecraft.world.level.chunk.storage.SerializableChunkData/]: Recoverable errors when loading section [5, 5, -1]: (Unknown registry key in ResourceKey[minecraft:root / minecraft:worldgen/biome]: biomesoplenty:lavender_field -> using default)
[27Aug2026 23:34:29.300] [parseChunk/ERROR] [net.minecraft.world.level.chunk.storage.SerializableChunkData/]: Recoverable errors when loading section [5, 5, -2]: (Unknown registry key in ResourceKey[minecraft:root / minecraft:worldgen/biome]: biomesoplenty:lavender_field -> using default); (Unknown registry key in ResourceKey[minecraft:root / minecraft:worldgen/biome]: biomesoplenty:pasture -> using default)
[27Aug2026 23:34:29.303] [parseChunk/ERROR] [net.minecraft.world.level.chunk.storage.SerializableChunkData/]: Recoverable errors when loading section [5, 14, -6]: (Unknown registry key in ResourceKey[minecraft:root / minecraft:worldgen/biome]: biomesoplenty:pasture -> using default)
[27Aug2026 23:34:29.303] [parseChunk/ERROR] [net.minecraft.world.level.chunk.storage.SerializableChunkData/]: Recoverable errors when loading section [5, 6, -1]: (Unknown registry key in ResourceKey[minecraft:root / minecraft:worldgen/biome]: biomesoplenty:lavender_field -> using default)
[27Aug2026 23:34:29.303] [parseChunk/ERROR] [net.minecraft.world.level.chunk.storage.SerializableChunkData/]: Recoverable errors when loading section [5, 16, -4]: (Unknown registry key in ResourceKey[minecraft:root / minecraft:worldgen/biome]: biomesoplenty:lavender_field -> using default); (Unknown registry key in ResourceKey[minecraft:root / minecraft:worldgen/biome]: biomesoplenty:pasture -> using default)
[27Aug2026 23:34:29.303] [parseChunk/ERROR] [net.minecraft.world.level.chunk.storage.SerializableChunkData/]: Recoverable errors when loading section [5, 6, -2]: (Unknown registry key in ResourceKey[minecraft:root / minecraft:worldgen/biome]: biomesoplenty:lavender_field -> using default); (Unknown registry key in ResourceKey[minecraft:root / minecraft:worldgen/biome]: biomesoplenty:pasture -> using default)
[27Aug2026 23:34:29.303] [parseChunk/ERROR] [net.minecraft.world.level.chunk.storage.SerializableChunkData/]: Recoverable errors when loading section [5, 8, -3]: (Unknown registry key in ResourceKey[minecraft:root / minecraft:worldgen/biome]: biomesoplenty:lavender_field -> using default); (Unknown registry key in ResourceKey[minecraft:root / minecraft:worldgen/biome]: biomesoplenty:pasture -> using default)
[27Aug2026 23:34:29.303] [parseChunk/ERROR] [net.minecraft.world.level.chunk.storage.SerializableChunkData/]: Recoverable errors when loading section [5, 15, -6]: (Unknown registry key in ResourceKey[minecraft:root / minecraft:worldgen/biome]: biomesoplenty:pasture -> using default)
[27Aug2026 23:34:29.303] [parseChunk/ERROR] [net.minecraft.world.level.chunk.storage.SerializableChunkData/]: Recoverable errors when loading section [5, 7, -1]: (Unknown registry key in ResourceKey[minecraft:root / minecraft:worldgen/biome]: biomesoplenty:lavender_field -> using default)
[27Aug2026 23:34:29.303] [parseChunk/ERROR] [net.minecraft.world.level.chunk.storage.SerializableChunkData/]: Recoverable errors when loading section [5, 17, -4]: (Unknown registry key in ResourceKey[minecraft:root / minecraft:worldgen/biome]: biomesoplenty:lavender_field -> using default); (Unknown registry key in ResourceKey[minecraft:root / minecraft:worldgen/biome]: biomesoplenty:pasture -> using default)
[27Aug2026 23:34:29.303] [parseChunk/ERROR] [net.minecraft.world.level.chunk.storage.SerializableChunkData/]: Recoverable errors when loading section [5, 7, -2]: (Unknown registry key in ResourceKey[minecraft:root / minecraft:worldgen/biome]: biomesoplenty:lavender_field -> using default); (Unknown registry key in ResourceKey[minecraft:root / minecraft:worldgen/biome]: biomesoplenty:pasture -> using default)
[27Aug2026 23:34:29.303] [parseChunk/ERROR] [net.minecraft.world.level.chunk.storage.SerializableChunkData/]: Recoverable errors when loading section [5, 18, -4]: (Unknown registry key in ResourceKey[minecraft:root / minecraft:worldgen/biome]: biomesoplenty:lavender_field -> using default); (Unknown registry key in ResourceKey[minecraft:root / minecraft:worldgen/biome]: biomesoplenty:pasture -> using default)
[27Aug2026 23:34:29.303] [parseChunk/ERROR] [net.minecraft.world.level.chunk.storage.SerializableChunkData/]: Recoverable errors when loading section [5, 9, -3]: (Unknown registry key in ResourceKey[minecraft:root / minecraft:worldgen/biome]: biomesoplenty:lavender_field -> using default); (Unknown registry key in ResourceKey[minecraft:root / minecraft:worldgen/biome]: biomesoplenty:pasture -> using default)
[27Aug2026 23:34:29.303] [parseChunk/ERROR] [net.minecraft.world.level.chunk.storage.SerializableChunkData/]: Recoverable errors when loading section [5, 16, -6]: (Unknown registry key in ResourceKey[minecraft:root / minecraft:worldgen/biome]: biomesoplenty:pasture -> using default)
[27Aug2026 23:34:29.303] [parseChunk/ERROR] [net.minecraft.world.level.chunk.storage.SerializableChunkData/]: Recoverable errors when loading section [5, 8, -1]: (Unknown registry key in ResourceKey[minecraft:root / minecraft:worldgen/biome]: biomesoplenty:lavender_field -> using default)
[27Aug2026 23:34:29.303] [parseChunk/ERROR] [net.minecraft.world.level.chunk.storage.SerializableChunkData/]: Recoverable errors when loading section [5, 8, -2]: (Unknown registry key in ResourceKey[minecraft:root / minecraft:worldgen/biome]: biomesoplenty:lavender_field -> using default); (Unknown registry key in ResourceKey[minecraft:root / minecraft:worldgen/biome]: biomesoplenty:pasture -> using default)
[27Aug2026 23:34:29.303] [parseChunk/ERROR] [net.minecraft.world.level.chunk.storage.SerializableChunkData/]: Recoverable errors when loading section [5, 19, -4]: (Unknown registry key in ResourceKey[minecraft:root / minecraft:worldgen/biome]: biomesoplenty:lavender_field -> using default); (Unknown registry key in ResourceKey[minecraft:root / minecraft:worldgen/biome]: biomesoplenty:pasture -> using default)
[27Aug2026 23:34:29.303] [parseChunk/ERROR] [net.minecraft.world.level.chunk.storage.SerializableChunkData/]: Recoverable errors when loading section [5, 10, -3]: (Unknown registry key in ResourceKey[minecraft:root / minecraft:worldgen/biome]: biomesoplenty:lavender_field -> using default); (Unknown registry key in ResourceKey[minecraft:root / minecraft:worldgen/biome]: biomesoplenty:pasture -> using default)
[27Aug2026 23:34:29.303] [parseChunk/ERROR] [net.minecraft.world.level.chunk.storage.SerializableChunkData/]: Recoverable errors when loading section [5, 9, -1]: (Unknown registry key in ResourceKey[minecraft:root / minecraft:worldgen/biome]: biomesoplenty:lavender_field -> using default)
[27Aug2026 23:34:29.303] [parseChunk/ERROR] [net.minecraft.world.level.chunk.storage.SerializableChunkData/]: Recoverable errors when loading section [5, 17, -6]: (Unknown registry key in ResourceKey[minecraft:root / minecraft:worldgen/biome]: biomesoplenty:pasture -> using default)
[27Aug2026 23:34:29.303] [parseChunk/ERROR] [net.minecraft.world.level.chunk.storage.SerializableChunkData/]: Recoverable errors when loading section [5, 9, -2]: (Unknown registry key in ResourceKey[minecraft:root / minecraft:worldgen/biome]: biomesoplenty:lavender_field -> using default); (Unknown registry key in ResourceKey[minecraft:root / minecraft:worldgen/biome]: biomesoplenty:pasture -> using default)
[27Aug2026 23:34:29.303] [parseChunk/ERROR] [net.minecraft.world.level.chunk.storage.SerializableChunkData/]: Recoverable errors when loading section [5, 11, -3]: (Unknown registry key in ResourceKey[minecraft:root / minecraft:worldgen/biome]: biomesoplenty:lavender_field -> using default); (Unknown registry key in ResourceKey[minecraft:root / minecraft:worldgen/biome]: biomesoplenty:pasture -> using default)
[27Aug2026 23:34:29.303] [parseChunk/ERROR] [net.minecraft.world.level.chunk.storage.SerializableChunkData/]: Recoverable errors when loading section [5, 10, -1]: (Unknown registry key in ResourceKey[minecraft:root / minecraft:worldgen/biome]: biomesoplenty:lavender_field -> using default)
[27Aug2026 23:34:29.303] [parseChunk/ERROR] [net.minecraft.world.level.chunk.storage.SerializableChunkData/]: Recoverable errors when loading section [5, 18, -6]: (Unknown registry key in ResourceKey[minecraft:root / minecraft:worldgen/biome]: biomesoplenty:pasture -> using default)
[27Aug2026 23:34:29.303] [parseChunk/ERROR] [net.minecraft.world.level.chunk.storage.SerializableChunkData/]: Recoverable errors when loading section [5, 10, -2]: (Unknown registry key in ResourceKey[minecraft:root / minecraft:worldgen/biome]: biomesoplenty:lavender_field -> using default); (Unknown registry key in ResourceKey[minecraft:root / minecraft:worldgen/biome]: biomesoplenty:pasture -> using default)
[27Aug2026 23:34:29.303] [parseChunk/ERROR] [net.minecraft.world.level.chunk.storage.SerializableChunkData/]: Recoverable errors when loading section [5, 11, -2]: (Unknown registry key in ResourceKey[minecraft:root / minecraft:worldgen/biome]: biomesoplenty:lavender_field -> using default); (Unknown registry key in ResourceKey[minecraft:root / minecraft:worldgen/biome]: biomesoplenty:pasture -> using default)
[27Aug2026 23:34:29.304] [parseChunk/ERROR] [net.minecraft.world.level.chunk.storage.SerializableChunkData/]: Recoverable errors when loading section [5, 12, -2]: (Unknown registry key in ResourceKey[minecraft:root / minecraft:worldgen/biome]: biomesoplenty:lavender_field -> using default); (Unknown registry key in ResourceKey[minecraft:root / minecraft:worldgen/biome]: biomesoplenty:pasture -> using default)
[27Aug2026 23:34:29.304] [parseChunk/ERROR] [net.minecraft.world.level.chunk.storage.SerializableChunkData/]: Recoverable errors when loading section [5, 13, -2]: (Unknown registry key in ResourceKey[minecraft:root / minecraft:worldgen/biome]: biomesoplenty:lavender_field -> using default); (Unknown registry key in ResourceKey[minecraft:root / minecraft:worldgen/biome]: biomesoplenty:pasture -> using default)
[27Aug2026 23:34:29.304] [parseChunk/ERROR] [net.minecraft.world.level.chunk.storage.SerializableChunkData/]: Recoverable errors when loading section [5, 14, -2]: (Unknown registry key in ResourceKey[minecraft:root / minecraft:worldgen/biome]: biomesoplenty:lavender_field -> using default); (Unknown registry key in ResourceKey[minecraft:root / minecraft:worldgen/biome]: biomesoplenty:pasture -> using default)
[27Aug2026 23:34:29.304] [parseChunk/ERROR] [net.minecraft.world.level.chunk.storage.SerializableChunkData/]: Recoverable errors when loading section [5, 15, -2]: (Unknown registry key in ResourceKey[minecraft:root / minecraft:worldgen/biome]: biomesoplenty:lavender_field -> using default); (Unknown registry key in ResourceKey[minecraft:root / minecraft:worldgen/biome]: biomesoplenty:pasture -> using default)
[27Aug2026 23:34:29.304] [parseChunk/ERROR] [net.minecraft.world.level.chunk.storage.SerializableChunkData/]: Recoverable errors when loading section [5, 16, -2]: (Unknown registry key in ResourceKey[minecraft:root / minecraft:worldgen/biome]: biomesoplenty:lavender_field -> using default); (Unknown registry key in ResourceKey[minecraft:root / minecraft:worldgen/biome]: biomesoplenty:pasture -> using default)
[27Aug2026 23:34:29.304] [parseChunk/ERROR] [net.minecraft.world.level.chunk.storage.SerializableChunkData/]: Recoverable errors when loading section [5, 17, -2]: (Unknown registry key in ResourceKey[minecraft:root / minecraft:worldgen/biome]: biomesoplenty:lavender_field -> using default); (Unknown registry key in ResourceKey[minecraft:root / minecraft:worldgen/biome]: biomesoplenty:pasture -> using default)
[27Aug2026 23:34:29.304] [parseChunk/ERROR] [net.minecraft.world.level.chunk.storage.SerializableChunkData/]: Recoverable errors when loading section [5, 18, -2]: (Unknown registry key in ResourceKey[minecraft:root / minecraft:worldgen/biome]: biomesoplenty:lavender_field -> using default); (Unknown registry key in ResourceKey[minecraft:root / minecraft:worldgen/biome]: biomesoplenty:pasture -> using default)
[27Aug2026 23:34:29.304] [parseChunk/ERROR] [net.minecraft.world.level.chunk.storage.SerializableChunkData/]: Recoverable errors when loading section [5, 19, -2]: (Unknown registry key in ResourceKey[minecraft:root / minecraft:worldgen/biome]: biomesoplenty:lavender_field -> using default); (Unknown registry key in ResourceKey[minecraft:root / minecraft:worldgen/biome]: biomesoplenty:pasture -> using default)
[27Aug2026 23:34:29.303] [parseChunk/ERROR] [net.minecraft.world.level.chunk.storage.SerializableChunkData/]: Recoverable errors when loading section [5, 19, -6]: (Unknown registry key in ResourceKey[minecraft:root / minecraft:worldgen/biome]: biomesoplenty:pasture -> using default)
[27Aug2026 23:34:29.303] [parseChunk/ERROR] [net.minecraft.world.level.chunk.storage.SerializableChunkData/]: Recoverable errors when loading section [5, 11, -1]: (Unknown registry key in ResourceKey[minecraft:root / minecraft:worldgen/biome]: biomesoplenty:lavender_field -> using default)
[27Aug2026 23:34:29.322] [parseChunk/ERROR] [net.minecraft.world.level.chunk.storage.SerializableChunkData/]: Recoverable errors when loading section [5, 12, -1]: (Unknown registry key in ResourceKey[minecraft:root / minecraft:worldgen/biome]: biomesoplenty:lavender_field -> using default)
[27Aug2026 23:34:29.322] [parseChunk/ERROR] [net.minecraft.world.level.chunk.storage.SerializableChunkData/]: Recoverable errors when loading section [5, 13, -1]: (Unknown registry key in ResourceKey[minecraft:root / minecraft:worldgen/biome]: biomesoplenty:lavender_field -> using default)
[27Aug2026 23:34:29.322] [parseChunk/ERROR] [net.minecraft.world.level.chunk.storage.SerializableChunkData/]: Recoverable errors when loading section [5, 14, -1]: (Unknown registry key in ResourceKey[minecraft:root / minecraft:worldgen/biome]: biomesoplenty:lavender_field -> using default)
[27Aug2026 23:34:29.322] [parseChunk/ERROR] [net.minecraft.world.level.chunk.storage.SerializableChunkData/]: Recoverable errors when loading section [5, 15, -1]: (Unknown registry key in ResourceKey[minecraft:root / minecraft:worldgen/biome]: biomesoplenty:lavender_field -> using default)
[27Aug2026 23:34:29.322] [parseChunk/ERROR] [net.minecraft.world.level.chunk.storage.SerializableChunkData/]: Recoverable errors when loading section [5, 16, -1]: (Unknown registry key in ResourceKey[minecraft:root / minecraft:worldgen/biome]: biomesoplenty:lavender_field -> using default)
[27Aug2026 23:34:29.322] [parseChunk/ERROR] [net.minecraft.world.level.chunk.storage.SerializableChunkData/]: Recoverable errors when loading section [5, 17, -1]: (Unknown registry key in ResourceKey[minecraft:root / minecraft:worldgen/biome]: biomesoplenty:lavender_field -> using default)
[27Aug2026 23:34:29.323] [parseChunk/ERROR] [net.minecraft.world.level.chunk.storage.SerializableChunkData/]: Recoverable errors when loading section [5, 18, -1]: (Unknown registry key in ResourceKey[minecraft:root / minecraft:worldgen/biome]: biomesoplenty:lavender_field -> using default)
[27Aug2026 23:34:29.323] [parseChunk/ERROR] [net.minecraft.world.level.chunk.storage.SerializableChunkData/]: Recoverable errors when loading section [5, 19, -1]: (Unknown registry key in ResourceKey[minecraft:root / minecraft:worldgen/biome]: biomesoplenty:lavender_field -> using default)
[27Aug2026 23:34:29.303] [parseChunk/ERROR] [net.minecraft.world.level.chunk.storage.SerializableChunkData/]: Recoverable errors when loading section [5, 12, -3]: (Unknown registry key in ResourceKey[minecraft:root / minecraft:worldgen/biome]: biomesoplenty:lavender_field -> using default); (Unknown registry key in ResourceKey[minecraft:root / minecraft:worldgen/biome]: biomesoplenty:pasture -> using default)
[27Aug2026 23:34:29.323] [parseChunk/ERROR] [net.minecraft.world.level.chunk.storage.SerializableChunkData/]: Recoverable errors when loading section [5, 13, -3]: (Unknown registry key in ResourceKey[minecraft:root / minecraft:worldgen/biome]: biomesoplenty:lavender_field -> using default); (Unknown registry key in ResourceKey[minecraft:root / minecraft:worldgen/biome]: biomesoplenty:pasture -> using default)
[27Aug2026 23:34:29.324] [parseChunk/ERROR] [net.minecraft.world.level.chunk.storage.SerializableChunkData/]: Recoverable errors when loading section [5, 14, -3]: (Unknown registry key in ResourceKey[minecraft:root / minecraft:worldgen/biome]: biomesoplenty:lavender_field -> using default); (Unknown registry key in ResourceKey[minecraft:root / minecraft:worldgen/biome]: biomesoplenty:pasture -> using default)
[27Aug2026 23:34:29.324] [parseChunk/ERROR] [net.minecraft.world.level.chunk.storage.SerializableChunkData/]: Recoverable errors when loading section [5, 15, -3]: (Unknown registry key in ResourceKey[minecraft:root / minecraft:worldgen/biome]: biomesoplenty:lavender_field -> using default); (Unknown registry key in ResourceKey[minecraft:root / minecraft:worldgen/biome]: biomesoplenty:pasture -> using default)
[27Aug2026 23:34:29.324] [parseChunk/ERROR] [net.minecraft.world.level.chunk.storage.SerializableChunkData/]: Recoverable errors when loading section [5, 16, -3]: (Unknown registry key in ResourceKey[minecraft:root / minecraft:worldgen/biome]: biomesoplenty:lavender_field -> using default); (Unknown registry key in ResourceKey[minecraft:root / minecraft:worldgen/biome]: biomesoplenty:pasture -> using default)
[27Aug2026 23:34:29.324] [parseChunk/ERROR] [net.minecraft.world.level.chunk.storage.SerializableChunkData/]: Recoverable errors when loading section [5, 17, -3]: (Unknown registry key in ResourceKey[minecraft:root / minecraft:worldgen/biome]: biomesoplenty:lavender_field -> using default); (Unknown registry key in ResourceKey[minecraft:root / minecraft:worldgen/biome]: biomesoplenty:pasture -> using default)
[27Aug2026 23:34:29.324] [parseChunk/ERROR] [net.minecraft.world.level.chunk.storage.SerializableChunkData/]: Recoverable errors when loading section [5, 18, -3]: (Unknown registry key in ResourceKey[minecraft:root / minecraft:worldgen/biome]: biomesoplenty:lavender_field -> using default); (Unknown registry key in ResourceKey[minecraft:root / minecraft:worldgen/biome]: biomesoplenty:pasture -> using default)
[27Aug2026 23:34:29.324] [parseChunk/ERROR] [net.minecraft.world.level.chunk.storage.SerializableChunkData/]: Recoverable errors when loading section [5, 19, -3]: (Unknown registry key in ResourceKey[minecraft:root / minecraft:worldgen/biome]: biomesoplenty:lavender_field -> using default); (Unknown registry key in ResourceKey[minecraft:root / minecraft:worldgen/biome]: biomesoplenty:pasture -> using default)
[27Aug2026 23:34:29.351] [parseChunk/ERROR] [net.minecraft.nbt.CompoundTag/]: Failed to read field (block_ticks=[{i:"minecraft:oak_leaves",p:0,t:0,x:80,y:66,z:128}, {i:"biomesoplenty:flowering_oak_leaves",p:0,t:0,x:80,y:66,z:131}, {i:"minecraft:oak_leaves",p:0,t:0,x:80,y:67,z:129}, {i:"minecraft:oak_leaves",p:0,t:0,x:80,y:67,z:131}, {i:"minecraft:oak_leaves",p:0,t:0,x:80,y:66,z:129}, {i:"minecraft:oak_leaves",p:0,t:0,x:80,y:66,z:130}, {i:"minecraft:oak_leaves",p:0,t:0,x:80,y:67,z:130}]): Unknown registry key in ResourceKey[minecraft:root / minecraft:block]: biomesoplenty:flowering_oak_leaves
[27Aug2026 23:34:29.352] [parseChunk/ERROR] [net.minecraft.world.level.chunk.storage.SerializableChunkData/]: Recoverable errors when loading section [5, -4, 8]: (Unknown registry key in ResourceKey[minecraft:root / minecraft:worldgen/biome]: biomesoplenty:lavender_field -> using default)
[27Aug2026 23:34:29.352] [parseChunk/ERROR] [net.minecraft.world.level.chunk.storage.SerializableChunkData/]: Recoverable errors when loading section [5, -3, 8]: (Unknown registry key in ResourceKey[minecraft:root / minecraft:worldgen/biome]: biomesoplenty:lavender_field -> using default)
[27Aug2026 23:34:29.352] [parseChunk/ERROR] [net.minecraft.world.level.chunk.storage.SerializableChunkData/]: Recoverable errors when loading section [5, -2, 8]: (Unknown registry key in ResourceKey[minecraft:root / minecraft:block]: biomesoplenty:hanging_cobweb_strand -> using default); (Unknown registry key in ResourceKey[minecraft:root / minecraft:block]: biomesoplenty:hanging_cobweb -> using default)
[27Aug2026 23:34:29.352] [parseChunk/ERROR] [net.minecraft.world.level.chunk.storage.SerializableChunkData/]: Recoverable errors when loading section [5, -2, 8]: (Unknown registry key in ResourceKey[minecraft:root / minecraft:worldgen/biome]: biomesoplenty:spider_nest -> using default); (Unknown registry key in ResourceKey[minecraft:root / minecraft:worldgen/biome]: biomesoplenty:lavender_field -> using default)
[27Aug2026 23:34:29.352] [parseChunk/ERROR] [net.minecraft.world.level.chunk.storage.SerializableChunkData/]: Recoverable errors when loading section [5, -1, 8]: (Unknown registry key in ResourceKey[minecraft:root / minecraft:block]: biomesoplenty:webbing -> using default); (Unknown registry key in ResourceKey[minecraft:root / minecraft:block]: biomesoplenty:webbing -> using default); (Unknown registry key in ResourceKey[minecraft:root / minecraft:block]: biomesoplenty:webbing -> using default); (Unknown registry key in ResourceKey[minecraft:root / minecraft:block]: biomesoplenty:hanging_cobweb_strand -> using default); (Unknown registry key in ResourceKey[minecraft:root / minecraft:block]: biomesoplenty:hanging_cobweb -> using default)
[27Aug2026 23:34:29.352] [parseChunk/ERROR] [net.minecraft.world.level.chunk.storage.SerializableChunkData/]: Recoverable errors when loading section [5, -1, 8]: (Unknown registry key in ResourceKey[minecraft:root / minecraft:worldgen/biome]: biomesoplenty:spider_nest -> using default)
[27Aug2026 23:34:29.353] [parseChunk/ERROR] [net.minecraft.world.level.chunk.storage.SerializableChunkData/]: Recoverable errors when loading section [5, 0, 8]: (Unknown registry key in ResourceKey[minecraft:root / minecraft:block]: biomesoplenty:webbing -> using default); (Unknown registry key in ResourceKey[minecraft:root / minecraft:block]: biomesoplenty:webbing -> using default); (Unknown registry key in ResourceKey[minecraft:root / minecraft:block]: biomesoplenty:hanging_cobweb_strand -> using default); (Unknown registry key in ResourceKey[minecraft:root / minecraft:block]: biomesoplenty:hanging_cobweb -> using default)
[27Aug2026 23:34:29.353] [parseChunk/ERROR] [net.minecraft.world.level.chunk.storage.SerializableChunkData/]: Recoverable errors when loading section [5, 0, 8]: (Unknown registry key in ResourceKey[minecraft:root / minecraft:worldgen/biome]: biomesoplenty:spider_nest -> using default)
[27Aug2026 23:34:29.353] [parseChunk/ERROR] [net.minecraft.world.level.chunk.storage.SerializableChunkData/]: Recoverable errors when loading section [5, 1, 8]: (Unknown registry key in ResourceKey[minecraft:root / minecraft:block]: biomesoplenty:webbing -> using default); (Unknown registry key in ResourceKey[minecraft:root / minecraft:block]: biomesoplenty:hanging_cobweb_strand -> using default); (Unknown registry key in ResourceKey[minecraft:root / minecraft:block]: biomesoplenty:hanging_cobweb -> using default)
[27Aug2026 23:34:29.353] [parseChunk/ERROR] [net.minecraft.world.level.chunk.storage.SerializableChunkData/]: Recoverable errors when loading section [5, 1, 8]: (Unknown registry key in ResourceKey[minecraft:root / minecraft:worldgen/biome]: biomesoplenty:lavender_field -> using default); (Unknown registry key in ResourceKey[minecraft:root / minecraft:worldgen/biome]: biomesoplenty:spider_nest -> using default)
[27Aug2026 23:34:29.353] [parseChunk/ERROR] [net.minecraft.world.level.chunk.storage.SerializableChunkData/]: Recoverable errors when loading section [5, 2, 8]: (Unknown registry key in ResourceKey[minecraft:root / minecraft:worldgen/biome]: biomesoplenty:lavender_field -> using default)
[27Aug2026 23:34:29.353] [parseChunk/ERROR] [net.minecraft.world.level.chunk.storage.SerializableChunkData/]: Recoverable errors when loading section [5, 3, 8]: (Unknown registry key in ResourceKey[minecraft:root / minecraft:block]: biomesoplenty:lavender -> using default)
[27Aug2026 23:34:29.353] [parseChunk/ERROR] [net.minecraft.world.level.chunk.storage.SerializableChunkData/]: Recoverable errors when loading section [5, 3, 8]: (Unknown registry key in ResourceKey[minecraft:root / minecraft:worldgen/biome]: biomesoplenty:lavender_field -> using default)
[27Aug2026 23:34:29.353] [parseChunk/ERROR] [net.minecraft.world.level.chunk.storage.SerializableChunkData/]: Recoverable errors when loading section [5, 4, 8]: (Unknown registry key in ResourceKey[minecraft:root / minecraft:block]: biomesoplenty:flowering_oak_leaves -> using default); (Unknown registry key in ResourceKey[minecraft:root / minecraft:block]: biomesoplenty:sprout -> using default); (Unknown registry key in ResourceKey[minecraft:root / minecraft:block]: biomesoplenty:tall_lavender -> using default); (Unknown registry key in ResourceKey[minecraft:root / minecraft:block]: biomesoplenty:jacaranda_log -> using default); (Unknown registry key in ResourceKey[minecraft:root / minecraft:block]: biomesoplenty:tall_lavender -> using default); (Unknown registry key in ResourceKey[minecraft:root / minecraft:block]: biomesoplenty:lavender -> using default)
[27Aug2026 23:34:29.353] [parseChunk/ERROR] [net.minecraft.world.level.chunk.storage.SerializableChunkData/]: Recoverable errors when loading section [5, 4, 8]: (Unknown registry key in ResourceKey[minecraft:root / minecraft:worldgen/biome]: biomesoplenty:lavender_field -> using default)
[27Aug2026 23:34:29.354] [parseChunk/ERROR] [net.minecraft.world.level.chunk.storage.SerializableChunkData/]: Recoverable errors when loading section [5, 5, 8]: (Unknown registry key in ResourceKey[minecraft:root / minecraft:worldgen/biome]: biomesoplenty:lavender_field -> using default)
[27Aug2026 23:34:29.354] [parseChunk/ERROR] [net.minecraft.world.level.chunk.storage.SerializableChunkData/]: Recoverable errors when loading section [5, 6, 8]: (Unknown registry key in ResourceKey[minecraft:root / minecraft:worldgen/biome]: biomesoplenty:lavender_field -> using default)
[27Aug2026 23:34:29.354] [parseChunk/ERROR] [net.minecraft.world.level.chunk.storage.SerializableChunkData/]: Recoverable errors when loading section [5, 7, 8]: (Unknown registry key in ResourceKey[minecraft:root / minecraft:worldgen/biome]: biomesoplenty:lavender_field -> using default)
[27Aug2026 23:34:29.354] [parseChunk/ERROR] [net.minecraft.world.level.chunk.storage.SerializableChunkData/]: Recoverable errors when loading section [5, 8, 8]: (Unknown registry key in ResourceKey[minecraft:root / minecraft:worldgen/biome]: biomesoplenty:lavender_field -> using default)
[27Aug2026 23:34:29.354] [parseChunk/ERROR] [net.minecraft.world.level.chunk.storage.SerializableChunkData/]: Recoverable errors when loading section [5, 9, 8]: (Unknown registry key in ResourceKey[minecraft:root / minecraft:worldgen/biome]: biomesoplenty:lavender_field -> using default)
[27Aug2026 23:34:29.354] [parseChunk/ERROR] [net.minecraft.world.level.chunk.storage.SerializableChunkData/]: Recoverable errors when loading section [5, 10, 8]: (Unknown registry key in ResourceKey[minecraft:root / minecraft:worldgen/biome]: biomesoplenty:lavender_field -> using default)
[27Aug2026 23:34:29.354] [parseChunk/ERROR] [net.minecraft.world.level.chunk.storage.SerializableChunkData/]: Recoverable errors when loading section [5, 11, 8]: (Unknown registry key in ResourceKey[minecraft:root / minecraft:worldgen/biome]: biomesoplenty:lavender_field -> using default)
[27Aug2026 23:34:29.354] [parseChunk/ERROR] [net.minecraft.world.level.chunk.storage.SerializableChunkData/]: Recoverable errors when loading section [5, 12, 8]: (Unknown registry key in ResourceKey[minecraft:root / minecraft:worldgen/biome]: biomesoplenty:lavender_field -> using default)
[27Aug2026 23:34:29.354] [parseChunk/ERROR] [net.minecraft.world.level.chunk.storage.SerializableChunkData/]: Recoverable errors when loading section [5, 13, 8]: (Unknown registry key in ResourceKey[minecraft:root / minecraft:worldgen/biome]: biomesoplenty:lavender_field -> using default)
[27Aug2026 23:34:29.354] [parseChunk/ERROR] [net.minecraft.world.level.chunk.storage.SerializableChunkData/]: Recoverable errors when loading section [5, 14, 8]: (Unknown registry key in ResourceKey[minecraft:root / minecraft:worldgen/biome]: biomesoplenty:lavender_field -> using default)
[27Aug2026 23:34:29.354] [parseChunk/ERROR] [net.minecraft.world.level.chunk.storage.SerializableChunkData/]: Recoverable errors when loading section [5, 15, 8]: (Unknown registry key in ResourceKey[minecraft:root / minecraft:worldgen/biome]: biomesoplenty:lavender_field -> using default)
[27Aug2026 23:34:29.355] [parseChunk/ERROR] [net.minecraft.world.level.chunk.storage.SerializableChunkData/]: Recoverable errors when loading section [5, 16, 8]: (Unknown registry key in ResourceKey[minecraft:root / minecraft:worldgen/biome]: biomesoplenty:lavender_field -> using default)
[27Aug2026 23:34:29.355] [parseChunk/ERROR] [net.minecraft.world.level.chunk.storage.SerializableChunkData/]: Recoverable errors when loading section [5, 17, 8]: (Unknown registry key in ResourceKey[minecraft:root / minecraft:worldgen/biome]: biomesoplenty:lavender_field -> using default)
[27Aug2026 23:34:29.355] [parseChunk/ERROR] [net.minecraft.world.level.chunk.storage.SerializableChunkData/]: Recoverable errors when loading section [5, 18, 8]: (Unknown registry key in ResourceKey[minecraft:root / minecraft:worldgen/biome]: biomesoplenty:lavender_field -> using default)
[27Aug2026 23:34:29.355] [parseChunk/ERROR] [net.minecraft.world.level.chunk.storage.SerializableChunkData/]: Recoverable errors when loading section [5, 19, 8]: (Unknown registry key in ResourceKey[minecraft:root / minecraft:worldgen/biome]: biomesoplenty:lavender_field -> using default)
[27Aug2026 23:34:29.758] [Render thread/INFO] [mezz.jei.library.load.PluginCallerTimerRunnable/]: Registering recipes: jei:minecraft took 697.1 milliseconds
[27Aug2026 23:34:29.802] [Render thread/INFO] [mezz.jei.library.load.PluginCallerTimerRunnable/]: Registering recipes: jei:internal took 44.29 milliseconds
[27Aug2026 23:34:29.803] [Render thread/INFO] [mezz.jei.library.load.PluginCaller/]: Registering recipes took 742.3 milliseconds
[27Aug2026 23:34:29.832] [Render thread/INFO] [mezz.jei.library.load.PluginCaller/]: Registering recipes transfer handlers...
[27Aug2026 23:34:29.835] [Render thread/INFO] [mezz.jei.library.load.PluginCaller/]: Registering recipes transfer handlers took 2.920 milliseconds
[27Aug2026 23:34:29.840] [Render thread/INFO] [mezz.jei.common.util.LoggedTimer/]: Building runtime...
[27Aug2026 23:34:29.842] [Render thread/INFO] [mezz.jei.library.load.PluginCaller/]: Registering gui handlers...
[27Aug2026 23:34:29.850] [Render thread/INFO] [mezz.jei.library.load.PluginCaller/]: Registering gui handlers took 7.809 milliseconds
[27Aug2026 23:34:29.853] [Render thread/INFO] [mezz.jei.library.load.PluginCaller/]: Registering Runtime...
[27Aug2026 23:34:29.855] [Render thread/INFO] [mezz.jei.gui.startup.JeiGuiStarter/]: Starting JEI GUI
[27Aug2026 23:34:29.856] [Render thread/INFO] [mezz.jei.common.util.LoggedTimer/]: Building ingredient list...
[27Aug2026 23:34:29.885] [Render thread/INFO] [mezz.jei.common.util.LoggedTimer/]: Building ingredient list took 28.19 milliseconds
[27Aug2026 23:34:29.885] [Render thread/INFO] [mezz.jei.common.util.LoggedTimer/]: Building ingredient filter...
[27Aug2026 23:34:29.909] [Render thread/INFO] [mezz.jei.gui.ingredients.IngredientFilter/]: Adding 1885 ingredients
[27Aug2026 23:34:30.068] [Render thread/INFO] [mezz.jei.gui.ingredients.IngredientFilter/]: Added 1885 ingredients
[27Aug2026 23:34:30.069] [Render thread/INFO] [mezz.jei.common.util.LoggedTimer/]: Building ingredient filter took 183.6 milliseconds
[27Aug2026 23:34:30.140] [Render thread/INFO] [mezz.jei.library.load.PluginCallerTimerRunnable/]: Registering Runtime: jei:neoforge_gui took 286.9 milliseconds
[27Aug2026 23:34:30.141] [Render thread/INFO] [mezz.jei.library.load.PluginCaller/]: Registering Runtime took 287.6 milliseconds
[27Aug2026 23:34:30.141] [Render thread/INFO] [mezz.jei.common.util.LoggedTimer/]: Building runtime took 301.1 milliseconds
[27Aug2026 23:34:30.141] [Render thread/INFO] [mezz.jei.library.load.PluginCaller/]: Sending Runtime...
[27Aug2026 23:34:30.142] [Render thread/INFO] [mezz.jei.library.load.PluginCaller/]: Sending Runtime took 512.1 microseconds
[27Aug2026 23:34:30.142] [Render thread/INFO] [mezz.jei.common.util.LoggedTimer/]: Starting JEI took 1.321 seconds
[27Aug2026 23:34:30.157] [Render thread/WARN] [net.minecraft.client.multiplayer.ClientPacketListener/]: Ignoring chat session from Dev due to missing Services public key
[27Aug2026 23:34:30.159] [Render thread/INFO] [net.minecraft.advancements.AdvancementTree/]: Loaded 184 advancements
[27Aug2026 23:34:30.189] [Render thread/INFO] [snownee.jade.Jade/]: Received config from the server: {}
[27Aug2026 23:34:30.260] [Render thread/INFO] [net.minecraft.client.renderer.DynamicUniformStorage/]: Resizing Dynamic Transforms UBO, capacity limit of 2 reached during a single frame. New capacity will be 4.
[27Aug2026 23:34:30.304] [Render thread/INFO] [net.minecraft.client.renderer.DynamicUniformStorage/]: Resizing Dynamic Transforms UBO, capacity limit of 4 reached during a single frame. New capacity will be 8.
[27Aug2026 23:34:30.379] [Render thread/INFO] [net.minecraft.client.renderer.DynamicUniformStorage/]: Resizing Dynamic Transforms UBO, capacity limit of 8 reached during a single frame. New capacity will be 16.
[27Aug2026 23:34:30.437] [Render thread/INFO] [net.minecraft.client.renderer.DynamicUniformStorage/]: Resizing Chunk Sections UBO, capacity limit of 2 reached during a single frame. New capacity will be 8.
[27Aug2026 23:34:30.500] [Render thread/INFO] [net.minecraft.client.renderer.DynamicUniformStorage/]: Resizing Chunk Sections UBO, capacity limit of 8 reached during a single frame. New capacity will be 16.
[27Aug2026 23:34:30.548] [Render thread/INFO] [net.minecraft.client.renderer.DynamicUniformStorage/]: Resizing Chunk Sections UBO, capacity limit of 16 reached during a single frame. New capacity will be 32.
[27Aug2026 23:34:30.729] [Render thread/INFO] [net.minecraft.client.renderer.DynamicUniformStorage/]: Resizing Chunk Sections UBO, capacity limit of 32 reached during a single frame. New capacity will be 64.
[27Aug2026 23:34:30.822] [Render thread/INFO] [net.minecraft.client.renderer.DynamicUniformStorage/]: Resizing Chunk Sections UBO, capacity limit of 64 reached during a single frame. New capacity will be 128.
[27Aug2026 23:34:39.902] [Server thread/INFO] [net.minecraft.client.server.IntegratedServer/]: Saving and pausing game...
[27Aug2026 23:34:39.922] [Server thread/INFO] [net.minecraft.server.MinecraftServer/]: Saving chunks for level 'ServerLevel[New World]'/minecraft:overworld
[27Aug2026 23:34:39.942] [Server thread/INFO] [net.minecraft.server.MinecraftServer/]: Saving chunks for level 'ServerLevel[New World]'/minecraft:the_nether
[27Aug2026 23:34:39.942] [Server thread/INFO] [net.minecraft.server.MinecraftServer/]: Saving chunks for level 'ServerLevel[New World]'/minecraft:the_end
[27Aug2026 23:34:40.321] [Render thread/INFO] [mezz.jei.library.startup.JeiStarter/]: Stopping JEI
[27Aug2026 23:34:40.321] [Render thread/INFO] [mezz.jei.library.load.PluginCaller/]: Sending Runtime Unavailable...
[27Aug2026 23:34:40.321] [Render thread/INFO] [mezz.jei.neoforge.plugins.neoforge.NeoForgeGuiPlugin/]: Stopping JEI GUI
[27Aug2026 23:34:40.325] [Render thread/INFO] [mezz.jei.library.load.PluginCaller/]: Sending Runtime Unavailable took 3.587 milliseconds
[27Aug2026 23:34:40.351] [Server thread/INFO] [net.minecraft.server.MinecraftServer/]: Stopping server
[27Aug2026 23:34:40.351] [Server thread/INFO] [net.minecraft.server.MinecraftServer/]: Saving players
[27Aug2026 23:34:40.363] [Server thread/INFO] [net.minecraft.server.network.ServerGamePacketListenerImpl/]: Dev lost connection: Disconnected
[27Aug2026 23:34:40.363] [Server thread/INFO] [net.minecraft.server.MinecraftServer/]: Dev left the game
[27Aug2026 23:34:40.377] [Server thread/INFO] [net.minecraft.server.network.ServerCommonPacketListenerImpl/]: Stopping singleplayer server as player logged out
[27Aug2026 23:34:40.377] [Server thread/INFO] [net.minecraft.server.MinecraftServer/]: Saving worlds
[27Aug2026 23:34:40.483] [Server thread/INFO] [net.minecraft.server.MinecraftServer/]: Saving chunks for level 'ServerLevel[New World]'/minecraft:overworld
[27Aug2026 23:34:40.531] [Server thread/INFO] [net.minecraft.server.MinecraftServer/]: Saving chunks for level 'ServerLevel[New World]'/minecraft:the_nether
[27Aug2026 23:34:40.537] [Server thread/INFO] [net.minecraft.server.MinecraftServer/]: Saving chunks for level 'ServerLevel[New World]'/minecraft:the_end
[27Aug2026 23:34:40.547] [Server thread/INFO] [net.minecraft.server.MinecraftServer/]: ThreadedAnvilChunkStorage (world): All chunks are saved
[27Aug2026 23:34:40.547] [Server thread/INFO] [net.minecraft.server.MinecraftServer/]: ThreadedAnvilChunkStorage (DIM-1): All chunks are saved
[27Aug2026 23:34:40.547] [Server thread/INFO] [net.minecraft.server.MinecraftServer/]: ThreadedAnvilChunkStorage (DIM1): All chunks are saved
[27Aug2026 23:34:40.547] [Server thread/INFO] [net.minecraft.server.MinecraftServer/]: ThreadedAnvilChunkStorage: All dimensions are saved
[27Aug2026 23:34:41.122] [Render thread/INFO] [net.minecraft.client.Minecraft/]: Stopping!
